;;;;;;;;;;;;;;;;;;;;;;;;;;
Software Version;2.01.12;;;;;;;;;;;;;;;;;;;;;;;;;
;;;;;;;;;;;;;;;;;;;;;;;;;;
Experiment File Path:;Z:\Zoltan\e15_pr_gfp_pr_gfp_s15_mg_conc_check_0821.xpt;;;;;;;;;;;;;;;;;;;;;;;;;
Protocol File Path:;C:\Users\Public\Documents\Protocols\Zoltan\Zoltan-mg-gfp-cfp.prt;;;;;;;;;;;;;;;;;;;;;;;;;
Plate Number;Plate 1;;;;;;;;;;;;;;;;;;;;;;;;;
Date;8/21/2013;;;;;;;;;;;;;;;;;;;;;;;;;
Time;11:17:57 PM;;;;;;;;;;;;;;;;;;;;;;;;;
Reader Type:;Synergy H1;;;;;;;;;;;;;;;;;;;;;;;;;
Reader Serial Number:;271275;;;;;;;;;;;;;;;;;;;;;;;;;
Reading Type;Reader;;;;;;;;;;;;;;;;;;;;;;;;;
;;;;;;;;;;;;;;;;;;;;;;;;;;
Procedure Details;;;;;;;;;;;;;;;;;;;;;;;;;;
Plate Type;Nunc 384 flat bottom;;;;;;;;;;;;;;;;;;;;;;;;;
Well Selection;Runtime;;;;;;;;;;;;;;;;;;;;;;;;;
Set Temperature;Setpoint 29°C;;;;;;;;;;;;;;;;;;;;;;;;;
Start Kinetic;Runtime 14:00:00 (HH:MM:SS), Interval 0:03:00, 281 Reads;;;;;;;;;;;;;;;;;;;;;;;;;
Shake;Linear: 0:30 (MM:SS);;;;;;;;;;;;;;;;;;;;;;;;;
;Frequency: 567 cpm (3 mm);;;;;;;;;;;;;;;;;;;;;;;;;
Read;MG;;;;;;;;;;;;;;;;;;;;;;;;;
;Fluorescence Endpoint;;;;;;;;;;;;;;;;;;;;;;;;;
;Full Plate;;;;;;;;;;;;;;;;;;;;;;;;;
;Filter Set 1;;;;;;;;;;;;;;;;;;;;;;;;;
;Excitation: 610, Emission: 650;;;;;;;;;;;;;;;;;;;;;;;;;
;Optics: Bottom, Gain: 150;;;;;;;;;;;;;;;;;;;;;;;;;
;Light Source: Xenon Flash, Lamp Energy: High;;;;;;;;;;;;;;;;;;;;;;;;;
;Read Speed: Normal, Delay: 100 msec, Measurements/Data Point: 100;;;;;;;;;;;;;;;;;;;;;;;;;
;Read Height: 9.5 mm;;;;;;;;;;;;;;;;;;;;;;;;;
Read;gfp;;;;;;;;;;;;;;;;;;;;;;;;;
;Fluorescence Endpoint;;;;;;;;;;;;;;;;;;;;;;;;;
;Full Plate;;;;;;;;;;;;;;;;;;;;;;;;;
;Filter Set 1;;;;;;;;;;;;;;;;;;;;;;;;;
;Excitation: 485, Emission: 525;;;;;;;;;;;;;;;;;;;;;;;;;
;Optics: Bottom, Gain: 61;;;;;;;;;;;;;;;;;;;;;;;;;
;Light Source: Xenon Flash, Lamp Energy: High;;;;;;;;;;;;;;;;;;;;;;;;;
;Read Speed: Normal, Delay: 100 msec, Measurements/Data Point: 10;;;;;;;;;;;;;;;;;;;;;;;;;
;Read Height: 7 mm;;;;;;;;;;;;;;;;;;;;;;;;;
Read;cfp;;;;;;;;;;;;;;;;;;;;;;;;;
;Fluorescence Endpoint;;;;;;;;;;;;;;;;;;;;;;;;;
;Full Plate;;;;;;;;;;;;;;;;;;;;;;;;;
;Filter Set 1;;;;;;;;;;;;;;;;;;;;;;;;;
;Excitation: 433, Emission: 475;;;;;;;;;;;;;;;;;;;;;;;;;
;Optics: Bottom, Gain: 61;;;;;;;;;;;;;;;;;;;;;;;;;
;Light Source: Xenon Flash, Lamp Energy: High;;;;;;;;;;;;;;;;;;;;;;;;;
;Read Speed: Normal, Delay: 100 msec, Measurements/Data Point: 10;;;;;;;;;;;;;;;;;;;;;;;;;
;Read Height: 9.5 mm;;;;;;;;;;;;;;;;;;;;;;;;;
End Kinetic;;;;;;;;;;;;;;;;;;;;;;;;;;
;;;;;;;;;;;;;;;;;;;;;;;;;;
Layout;;;;;;;;;;;;;;;;;;;;;;;;;;
;;;;;;;;;;;;;;;;;;;;;;;;;;
;;1;2;3;4;5;6;7;8;9;10;11;12;13;14;15;16;17;18;19;20;21;22;23;24;
;A;;;;;;;;;;;;;;;;;;;;;;;;;Well ID
;B;;;;;;;;;;;;;;;;;;;;;;;;;Well ID
;C;;;;;;;;;;;;;;;;;;;;;;;;;Well ID
;D;;;;;;;;;;;;;;;;;;;;;;;;;Well ID
;E;;;;;;;;;;;;;;;;;;;;;;;;;Well ID
;F;SPL1;SPL2;SPL3;SPL4;SPL5;SPL6;SPL7;SPL8;SPL9;SPL10;SPL11;SPL12;SPL13;SPL14;;;;;;;;;;;Well ID
;G;;;;;;;;;;;;;;;;;;;;;;;;;Well ID
;H;;;;;;;;;;;;;;;;;;;;;;;;;Well ID
;I;;;;;;;;;;;;;;;;;;;;;;;;;Well ID
;J;;;;;;;;;;;;;;;;;;;;;;;;;Well ID
;K;;;;;;;;;;;;;;;;;;;;;;;;;Well ID
;L;;;;;;;;;;;;;;;;;;;;;;;;;Well ID
;M;;;;;;;;;;;;;;;;;;;;;;;;;Well ID
;N;;;;;;;;;;;;;;;;;;;;;;;;;Well ID
;O;;;;;;;;;;;;;;;;;;;;;;;;;Well ID
;P;;;;;;;;;;;;;;;;;;;;;;;;;Well ID
;;;;;;;;;;;;;;;;;;;;;;;;;;
MG:610,650;;;;;;;;;;;;;;;;;;;;;;;;;;
;;;;;;;;;;;;;;;;;;;;;;;;;;
;Time;T° MG:610,650;F1;F2;F3;F4;F5;F6;F7;F8;F9;F10;F11;F12;F13;F14;;;;;;;;;;
;0:00:31;29.1;512;455;474;479;470;548;461;472;412;442;477;510;549;542;;;;;;;;;;
;0:03:31;29;451;418;461;455;464;476;422;445;415;479;471;487;559;589;;;;;;;;;;
;0:06:31;29;457;404;445;401;456;462;388;433;374;442;437;516;597;625;;;;;;;;;;
;0:09:31;29;404;440;447;426;435;439;387;418;407;452;467;507;727;713;;;;;;;;;;
;0:12:31;29;417;400;418;439;430;425;394;397;435;420;521;561;814;839;;;;;;;;;;
;0:15:31;29;389;359;436;374;416;417;355;390;436;468;548;600;866;959;;;;;;;;;;
;0:18:31;29;383;361;380;369;414;377;386;365;404;470;591;668;997;1096;;;;;;;;;;
;0:21:31;29;383;357;368;428;422;375;355;328;433;493;609;674;1098;1171;;;;;;;;;;
;0:24:31;29;386;349;366;365;406;384;370;342;442;518;640;819;1218;1409;;;;;;;;;;
;0:27:31;29;362;337;377;339;376;330;384;384;468;537;680;831;1344;1528;;;;;;;;;;
;0:30:31;29.1;367;319;340;371;407;337;337;337;439;576;693;911;1429;1701;;;;;;;;;;
;0:33:31;29.1;332;317;373;342;388;317;312;330;477;588;756;954;1580;1839;;;;;;;;;;
;0:36:31;29.1;392;329;317;344;372;339;288;324;426;611;811;1075;1685;1928;;;;;;;;;;
;0:39:31;29.1;336;325;333;342;369;329;329;300;481;622;809;1080;1754;2007;;;;;;;;;;
;0:42:31;29.1;358;337;377;353;366;321;326;312;509;626;870;1171;1811;2065;;;;;;;;;;
;0:45:31;29.1;371;317;331;365;353;330;296;320;480;744;906;1280;1995;2187;;;;;;;;;;
;0:48:31;29.1;383;320;318;354;361;352;292;304;523;752;974;1353;2022;2252;;;;;;;;;;
;0:51:31;29.1;342;314;358;320;314;352;315;289;501;744;978;1364;2022;2178;;;;;;;;;;
;0:54:31;29.1;369;323;321;326;353;370;298;307;514;760;1057;1472;2160;2327;;;;;;;;;;
;0:57:31;29.1;318;316;326;353;334;333;300;286;536;838;1054;1464;2150;2300;;;;;;;;;;
;1:00:31;29.1;370;301;332;347;330;324;317;288;572;849;1164;1519;2274;2352;;;;;;;;;;
;1:03:31;29.1;299;298;310;320;324;326;304;278;591;836;1139;1590;2350;2376;;;;;;;;;;
;1:06:31;29.1;324;286;301;316;348;311;301;277;566;943;1174;1647;2375;2235;;;;;;;;;;
;1:09:31;29.1;330;340;342;345;320;289;291;265;591;907;1258;1645;2427;2280;;;;;;;;;;
;1:12:31;29.1;312;300;307;315;350;327;289;257;570;924;1262;1629;2370;2401;;;;;;;;;;
;1:15:31;29.1;352;298;326;297;334;313;283;279;660;989;1222;1765;2412;2384;;;;;;;;;;
;1:18:31;29.1;328;291;311;305;336;307;268;265;639;987;1265;1829;2443;2392;;;;;;;;;;
;1:21:31;29.1;330;314;318;316;321;310;277;252;648;1003;1305;1799;2403;2342;;;;;;;;;;
;1:24:31;29;308;311;295;308;312;313;279;250;708;1061;1403;1921;2392;2381;;;;;;;;;;
;1:27:31;29.1;344;273;332;334;327;323;272;285;683;1056;1377;1943;2523;2382;;;;;;;;;;
;1:30:31;29.1;348;300;325;315;273;311;267;227;681;1118;1484;1895;2379;2319;;;;;;;;;;
;1:33:31;29.1;353;298;296;313;309;318;261;235;679;1090;1482;2018;2391;2421;;;;;;;;;;
;1:36:31;29;303;321;325;309;324;285;273;248;676;1188;1468;2029;2486;2527;;;;;;;;;;
;1:39:31;29;341;312;324;325;307;297;272;251;691;1138;1462;2063;2471;2387;;;;;;;;;;
;1:42:31;29;323;321;308;334;346;291;276;229;719;1132;1533;2051;2379;2428;;;;;;;;;;
;1:45:31;29;290;314;290;316;313;348;270;234;724;1142;1583;2155;2385;2423;;;;;;;;;;
;1:48:31;29.1;312;279;296;298;321;265;264;240;785;1235;1631;2082;2488;2469;;;;;;;;;;
;1:51:31;29.1;345;304;323;315;335;304;257;227;689;1242;1521;2139;2425;2479;;;;;;;;;;
;1:54:31;29.1;348;324;332;309;312;279;240;219;740;1230;1569;2166;2408;2320;;;;;;;;;;
;1:57:31;29.1;299;292;342;320;333;282;244;204;739;1278;1669;2154;2527;2385;;;;;;;;;;
;2:00:31;29.1;304;308;313;317;315;289;222;213;779;1272;1613;2117;2486;2433;;;;;;;;;;
;2:03:31;29.1;306;288;315;282;330;270;239;211;775;1250;1634;2102;2330;2405;;;;;;;;;;
;2:06:31;29.1;321;290;313;281;331;285;258;223;778;1243;1636;2059;2367;2401;;;;;;;;;;
;2:09:31;29.1;319;294;258;320;303;263;230;226;818;1239;1654;2142;2379;2332;;;;;;;;;;
;2:12:31;29.1;311;274;273;334;292;258;265;238;788;1263;1727;2133;2385;2338;;;;;;;;;;
;2:15:31;29.1;299;276;299;289;290;258;215;218;736;1316;1650;2090;2429;2212;;;;;;;;;;
;2:18:31;29.1;332;295;323;297;302;254;227;216;787;1239;1636;2114;2279;2233;;;;;;;;;;
;2:21:31;29.1;293;279;271;299;322;274;186;224;775;1267;1667;2058;2246;2222;;;;;;;;;;
;2:24:31;29.1;320;249;300;293;306;283;206;221;817;1309;1709;2047;2232;2274;;;;;;;;;;
;2:27:31;29;344;290;296;304;269;259;220;212;795;1300;1659;2062;2141;2171;;;;;;;;;;
;2:30:31;29;279;307;326;309;304;255;215;232;793;1270;1686;2085;2122;2156;;;;;;;;;;
;2:33:31;29.1;326;289;288;291;290;257;217;202;758;1293;1610;2024;2169;2086;;;;;;;;;;
;2:36:31;29.1;287;298;273;287;280;269;201;225;804;1330;1611;2056;2158;2043;;;;;;;;;;
;2:39:31;29.1;288;282;305;281;301;248;219;217;814;1290;1597;1979;2110;1996;;;;;;;;;;
;2:42:31;29.1;311;320;310;310;261;247;225;202;757;1323;1503;1888;2022;1997;;;;;;;;;;
;2:45:31;29.1;302;254;315;291;313;240;178;230;745;1290;1628;1891;1919;1901;;;;;;;;;;
;2:48:31;29;295;275;293;276;273;234;226;230;790;1215;1625;1851;1993;1922;;;;;;;;;;
;2:51:31;29;292;289;307;298;272;263;212;226;792;1234;1571;1830;1892;1817;;;;;;;;;;
;2:54:31;29;310;287;289;292;297;256;181;193;780;1285;1558;1748;1883;1815;;;;;;;;;;
;2:57:31;29;301;279;291;272;276;240;204;197;763;1230;1457;1782;1802;1823;;;;;;;;;;
;3:00:31;29;309;271;293;277;294;234;207;213;754;1240;1495;1782;1774;1810;;;;;;;;;;
;3:03:31;29;290;272;272;265;279;230;200;195;752;1250;1506;1757;1829;1820;;;;;;;;;;
;3:06:31;29;300;256;286;298;308;256;206;211;766;1243;1488;1682;1715;1715;;;;;;;;;;
;3:09:31;29;334;271;304;281;272;262;189;184;736;1223;1427;1649;1735;1762;;;;;;;;;;
;3:12:31;29.1;327;282;309;253;284;245;215;200;747;1240;1408;1634;1668;1639;;;;;;;;;;
;3:15:31;29.1;291;286;266;254;278;227;186;212;750;1195;1408;1571;1667;1641;;;;;;;;;;
;3:18:31;29.1;291;272;270;273;262;254;173;191;720;1148;1419;1554;1581;1593;;;;;;;;;;
;3:21:31;29.1;283;259;278;262;287;233;165;205;738;1125;1352;1587;1567;1637;;;;;;;;;;
;3:24:31;29.1;299;269;295;237;283;260;187;190;695;1136;1415;1543;1468;1503;;;;;;;;;;
;3:27:31;29.1;292;299;284;270;272;233;168;211;673;1135;1323;1458;1513;1502;;;;;;;;;;
;3:30:31;29.1;320;267;296;252;267;237;178;171;735;1150;1308;1432;1424;1422;;;;;;;;;;
;3:33:31;29.1;303;262;304;259;275;233;183;166;706;1089;1278;1499;1459;1389;;;;;;;;;;
;3:36:31;29.1;287;248;259;246;234;228;189;197;717;1061;1303;1339;1362;1320;;;;;;;;;;
;3:39:31;29.1;335;264;280;248;279;222;188;191;735;1075;1208;1314;1306;1308;;;;;;;;;;
;3:42:31;29.1;288;265;268;275;250;192;192;185;693;1068;1179;1314;1337;1270;;;;;;;;;;
;3:45:31;29.1;296;283;271;267;265;208;184;164;708;1017;1212;1306;1239;1233;;;;;;;;;;
;3:48:31;29.1;283;268;296;266;247;223;188;180;709;1041;1190;1250;1197;1168;;;;;;;;;;
;3:51:31;29.1;295;254;262;275;283;228;172;179;684;988;1217;1320;1212;1201;;;;;;;;;;
;3:54:31;29.1;289;270;272;244;217;194;186;182;664;1044;1179;1189;1195;1168;;;;;;;;;;
;3:57:31;29.1;280;274;275;239;272;210;182;172;684;989;1103;1265;1218;1147;;;;;;;;;;
;4:00:31;29.1;285;276;289;246;257;230;174;190;672;943;1075;1121;1200;1075;;;;;;;;;;
;4:03:31;29.1;260;280;278;237;254;217;164;170;674;944;1073;1134;1140;1050;;;;;;;;;;
;4:06:31;29.1;270;261;317;297;260;208;171;177;714;987;1082;1111;1116;1036;;;;;;;;;;
;4:09:31;29;293;267;293;253;242;205;173;187;654;922;1051;1142;1093;1055;;;;;;;;;;
;4:12:31;29;288;261;283;269;251;207;177;152;702;965;1026;1118;1031;1013;;;;;;;;;;
;4:15:31;29;321;293;268;277;261;184;160;188;668;925;1014;1035;1028;996;;;;;;;;;;
;4:18:31;29;267;272;249;257;207;198;180;157;674;951;998;1124;1014;959;;;;;;;;;;
;4:21:31;29;308;269;267;253;246;224;176;191;645;885;1011;1037;991;923;;;;;;;;;;
;4:24:31;29;277;266;280;297;221;225;166;167;611;903;948;1005;963;936;;;;;;;;;;
;4:27:31;29;260;267;255;276;251;200;175;167;607;888;948;1026;982;924;;;;;;;;;;
;4:30:31;29;254;282;272;286;232;197;169;148;619;891;947;920;924;849;;;;;;;;;;
;4:33:31;29;279;286;270;278;246;212;189;170;622;907;933;959;887;858;;;;;;;;;;
;4:36:31;29.1;306;271;297;259;232;203;159;174;641;838;859;928;870;867;;;;;;;;;;
;4:39:31;29.1;284;285;247;278;269;196;177;189;593;912;888;929;839;820;;;;;;;;;;
;4:42:31;29.1;267;281;241;298;235;219;184;168;608;832;940;931;848;810;;;;;;;;;;
;4:45:31;29.1;280;265;259;287;230;206;193;179;610;856;872;915;812;867;;;;;;;;;;
;4:48:31;29.1;270;254;262;291;254;200;187;170;610;758;884;915;813;809;;;;;;;;;;
;4:51:31;29.1;245;248;274;291;250;188;175;147;608;790;883;914;808;819;;;;;;;;;;
;4:54:31;29.1;271;262;246;275;267;204;194;139;637;811;885;918;780;784;;;;;;;;;;
;4:57:31;29.1;284;225;270;295;266;191;190;159;587;812;800;874;757;750;;;;;;;;;;
;5:00:31;29.1;293;241;254;311;239;235;184;178;572;782;909;840;780;792;;;;;;;;;;
;5:03:31;29;269;246;243;268;256;210;183;176;587;767;860;855;743;715;;;;;;;;;;
;5:06:31;29.1;257;241;265;301;241;225;169;170;615;827;817;880;749;742;;;;;;;;;;
;5:09:31;29.1;281;251;257;329;262;243;174;154;593;859;796;817;764;714;;;;;;;;;;
;5:12:31;29;294;247;242;296;262;237;186;150;575;797;826;911;736;729;;;;;;;;;;
;5:15:31;29.1;284;267;265;267;232;221;198;166;552;762;843;873;761;680;;;;;;;;;;
;5:18:31;29.1;274;213;295;286;245;184;176;152;603;804;862;901;742;705;;;;;;;;;;
;5:21:31;29.1;287;232;275;285;265;213;164;138;576;739;786;864;733;631;;;;;;;;;;
;5:24:31;29.1;274;261;276;302;248;204;175;180;549;811;824;864;677;664;;;;;;;;;;
;5:27:31;29.1;281;262;292;294;242;243;169;197;570;821;820;837;669;658;;;;;;;;;;
;5:30:31;29;292;238;290;319;251;215;159;160;625;779;844;803;661;658;;;;;;;;;;
;5:33:31;29;294;286;295;300;269;232;193;164;595;812;809;844;704;608;;;;;;;;;;
;5:36:31;29;292;266;304;319;263;208;179;165;597;806;793;858;653;628;;;;;;;;;;
;5:39:31;29;288;263;338;274;242;228;172;160;568;760;841;850;734;588;;;;;;;;;;
;5:42:31;29;290;267;314;299;253;189;184;141;660;804;830;794;669;563;;;;;;;;;;
;5:45:31;29;267;276;293;313;252;212;167;138;589;749;822;802;625;581;;;;;;;;;;
;5:48:31;29;318;298;329;298;255;203;188;161;585;779;832;853;631;521;;;;;;;;;;
;5:51:31;29;287;260;284;314;250;210;162;165;588;783;789;864;645;569;;;;;;;;;;
;5:54:31;29;290;256;282;290;248;220;172;130;615;816;822;839;618;616;;;;;;;;;;
;5:57:31;29.1;308;266;297;305;261;252;171;133;605;765;857;759;663;572;;;;;;;;;;
;6:00:31;29.1;290;323;290;295;305;218;202;174;591;772;780;800;663;565;;;;;;;;;;
;6:03:31;29.1;309;298;311;272;277;222;189;140;596;763;759;817;668;556;;;;;;;;;;
;6:06:31;29.1;300;306;299;312;273;209;195;159;598;772;808;783;674;547;;;;;;;;;;
;6:09:31;29.1;304;275;287;275;257;225;191;139;627;778;786;792;605;515;;;;;;;;;;
;6:12:31;29.1;343;294;335;282;246;253;174;147;606;821;797;755;624;559;;;;;;;;;;
;6:15:31;29.1;285;319;298;289;249;240;187;166;629;745;785;768;604;506;;;;;;;;;;
;6:18:31;29.1;345;299;297;301;263;223;174;156;607;765;803;745;621;501;;;;;;;;;;
;6:21:31;29.1;374;327;300;281;280;218;196;143;614;799;745;728;616;508;;;;;;;;;;
;6:24:31;29.1;317;285;322;291;277;236;196;142;604;783;760;762;624;473;;;;;;;;;;
;6:27:31;29.1;341;321;310;273;273;225;174;167;617;733;771;758;607;506;;;;;;;;;;
;6:30:31;29.1;302;327;318;307;273;236;188;129;633;817;720;729;584;481;;;;;;;;;;
;6:33:31;29.1;307;317;352;300;278;212;177;151;628;797;763;748;620;503;;;;;;;;;;
;6:36:31;29.1;332;326;360;299;259;223;152;157;613;741;774;736;587;485;;;;;;;;;;
;6:39:31;29.1;318;311;313;310;244;201;176;152;613;736;791;703;612;492;;;;;;;;;;
;6:42:31;29.1;329;332;347;293;272;221;165;140;602;690;794;704;562;490;;;;;;;;;;
;6:45:31;29.1;308;317;303;280;284;224;184;139;618;718;725;738;554;454;;;;;;;;;;
;6:48:31;29;324;319;331;299;264;223;182;150;598;771;782;711;606;463;;;;;;;;;;
;6:51:31;29;312;333;327;308;247;210;181;170;646;740;773;703;560;480;;;;;;;;;;
;6:54:31;29;335;313;321;270;275;215;182;143;634;741;701;689;582;461;;;;;;;;;;
;6:57:31;29;345;326;334;323;280;241;201;150;648;744;733;703;593;443;;;;;;;;;;
;7:00:31;29;320;350;309;315;267;229;190;144;645;722;705;711;541;486;;;;;;;;;;
;7:03:31;29;333;331;379;270;256;228;188;145;612;764;724;727;585;424;;;;;;;;;;
;7:06:31;29;333;347;340;350;286;235;211;143;608;774;732;700;563;444;;;;;;;;;;
;7:09:31;29;348;337;324;322;267;255;185;146;613;688;770;678;591;435;;;;;;;;;;
;7:12:31;29;311;328;341;323;288;224;174;162;599;703;745;666;593;442;;;;;;;;;;
;7:15:31;29.1;298;355;331;310;275;226;183;160;558;705;717;661;579;440;;;;;;;;;;
;7:18:31;29.1;358;355;334;330;283;211;192;153;636;712;737;665;531;456;;;;;;;;;;
;7:21:31;29.1;338;352;361;304;262;197;164;160;617;713;697;648;541;447;;;;;;;;;;
;7:24:31;29.1;321;322;341;304;273;238;201;143;616;676;746;702;572;433;;;;;;;;;;
;7:27:31;29.1;331;368;352;308;300;232;206;169;609;712;663;644;546;452;;;;;;;;;;
;7:30:31;29.1;303;346;341;293;270;210;177;149;585;691;690;660;550;433;;;;;;;;;;
;7:33:31;29.1;347;341;351;281;267;241;185;156;578;760;712;625;535;424;;;;;;;;;;
;7:36:31;29.1;347;340;343;310;248;207;190;148;605;720;672;659;543;463;;;;;;;;;;
;7:39:31;29.1;350;351;368;292;267;253;167;149;591;725;644;671;564;419;;;;;;;;;;
;7:42:31;29.1;372;337;362;296;263;224;186;150;612;672;673;605;559;430;;;;;;;;;;
;7:45:31;29.1;322;355;349;306;266;223;161;159;571;679;717;617;516;463;;;;;;;;;;
;7:48:31;29.1;305;344;353;301;282;227;168;169;595;670;705;626;532;414;;;;;;;;;;
;7:51:31;29.1;333;369;333;306;281;230;159;162;576;684;632;601;544;458;;;;;;;;;;
;7:54:31;29.1;345;382;369;293;249;208;164;153;565;693;660;642;544;420;;;;;;;;;;
;7:57:31;29.1;366;374;358;260;280;228;165;158;571;723;620;641;533;415;;;;;;;;;;
;8:00:31;29.1;369;351;360;260;277;227;179;149;535;678;655;602;510;422;;;;;;;;;;
;8:03:31;29.1;335;346;352;311;267;222;145;163;538;712;653;562;495;464;;;;;;;;;;
;8:06:31;29.1;323;346;349;256;255;242;198;147;586;667;680;602;527;391;;;;;;;;;;
;8:09:31;29.1;342;360;335;326;291;209;194;166;526;631;670;601;557;422;;;;;;;;;;
;8:12:31;29.1;349;373;342;304;264;247;166;166;577;649;632;589;525;401;;;;;;;;;;
;8:15:31;29;356;339;344;277;274;212;188;151;545;633;628;598;483;416;;;;;;;;;;
;8:18:31;29;298;372;383;283;269;241;173;157;536;653;656;563;522;455;;;;;;;;;;
;8:21:31;29;335;372;348;302;263;216;183;156;581;622;672;585;502;421;;;;;;;;;;
;8:24:31;29;337;347;337;306;265;234;183;159;588;613;674;586;507;410;;;;;;;;;;
;8:27:31;29;334;340;390;295;287;205;171;158;548;642;634;568;496;406;;;;;;;;;;
;8:30:31;29;330;336;377;299;280;243;181;149;569;632;625;609;518;436;;;;;;;;;;
;8:33:31;29;387;393;363;336;265;181;182;130;556;647;626;563;468;407;;;;;;;;;;
;8:36:31;29.1;346;323;350;275;260;252;190;158;560;645;638;575;513;408;;;;;;;;;;
;8:39:31;29.1;343;305;386;288;265;217;151;177;534;699;662;565;490;420;;;;;;;;;;
;8:42:31;29.1;325;390;378;301;270;236;183;168;553;640;642;584;498;419;;;;;;;;;;
;8:45:31;29.1;352;342;334;290;291;239;188;146;561;628;615;590;478;406;;;;;;;;;;
;8:48:31;29.1;344;355;347;307;247;244;180;144;529;649;624;598;525;423;;;;;;;;;;
;8:51:31;29.1;341;372;343;302;275;227;186;182;528;671;597;530;480;421;;;;;;;;;;
;8:54:31;29.1;325;358;346;278;243;225;195;166;497;598;598;526;495;380;;;;;;;;;;
;8:57:31;29.1;321;357;336;299;297;231;165;173;528;623;573;572;496;401;;;;;;;;;;
;9:00:31;29.1;340;355;351;310;271;217;184;158;533;629;571;523;488;403;;;;;;;;;;
;9:03:31;29.1;352;359;342;298;300;217;202;177;522;613;610;565;500;392;;;;;;;;;;
;9:06:31;29.1;342;363;364;273;284;231;186;131;488;611;566;568;482;378;;;;;;;;;;
;9:09:31;29.1;342;354;367;291;263;237;169;154;529;583;583;529;456;377;;;;;;;;;;
;9:12:31;29;332;358;375;285;266;219;185;164;515;603;596;497;457;410;;;;;;;;;;
;9:15:31;29;353;364;366;283;268;241;181;144;514;614;579;550;476;394;;;;;;;;;;
;9:18:31;29;369;373;368;290;264;228;170;149;523;608;577;541;442;384;;;;;;;;;;
;9:21:31;29.1;341;358;409;294;272;211;170;143;514;596;609;535;449;370;;;;;;;;;;
;9:24:31;29.1;326;392;352;277;273;217;195;172;528;625;558;529;443;350;;;;;;;;;;
;9:27:31;29;367;361;387;287;273;206;138;145;514;589;567;501;450;395;;;;;;;;;;
;9:30:31;29;341;355;366;296;259;214;173;184;517;624;547;530;453;385;;;;;;;;;;
;9:33:31;29;313;393;325;292;284;230;179;183;496;603;529;532;477;409;;;;;;;;;;
;9:36:31;29;353;387;365;290;256;201;172;174;536;592;540;491;452;377;;;;;;;;;;
;9:39:31;29;327;327;351;290;264;254;169;184;455;647;523;537;445;389;;;;;;;;;;
;9:42:31;29;308;379;372;321;267;202;183;179;503;577;553;521;456;337;;;;;;;;;;
;9:45:31;29;324;379;362;282;258;209;174;166;512;608;543;521;492;370;;;;;;;;;;
;9:48:31;29;342;377;346;288;289;219;161;160;508;589;555;534;490;384;;;;;;;;;;
;9:51:31;29.1;358;381;391;285;313;227;154;167;510;606;546;517;422;361;;;;;;;;;;
;9:54:31;29.1;332;344;393;253;255;191;173;165;476;560;552;517;439;346;;;;;;;;;;
;9:57:31;29.1;348;350;377;278;257;237;187;144;492;581;534;494;462;351;;;;;;;;;;
;10:00:31;29.1;333;370;348;290;286;225;180;155;478;542;535;467;481;364;;;;;;;;;;
;10:03:31;29.1;333;373;381;280;256;222;188;162;470;526;528;531;420;388;;;;;;;;;;
;10:06:31;29.1;364;341;383;284;257;209;169;162;476;580;596;516;451;328;;;;;;;;;;
;10:09:31;29.1;361;369;367;268;292;228;165;155;489;533;533;517;442;369;;;;;;;;;;
;10:12:31;29.1;352;357;361;289;251;196;159;144;490;607;545;538;450;350;;;;;;;;;;
;10:15:31;29.1;323;359;363;281;267;203;198;154;463;590;515;501;438;339;;;;;;;;;;
;10:18:31;29.1;306;334;363;283;248;224;181;156;457;535;554;492;428;369;;;;;;;;;;
;10:21:31;29.1;334;343;381;281;244;208;178;141;437;564;500;455;434;362;;;;;;;;;;
;10:24:31;29.1;338;394;361;301;219;237;161;148;483;555;543;489;437;321;;;;;;;;;;
;10:27:31;29.1;356;349;350;295;262;191;149;147;450;515;550;509;428;378;;;;;;;;;;
;10:30:31;29.1;323;362;357;271;290;220;174;170;475;547;538;465;453;352;;;;;;;;;;
;10:33:31;29.1;334;360;361;310;258;205;175;156;454;587;496;503;407;357;;;;;;;;;;
;10:36:31;29.1;357;337;333;281;239;219;177;160;452;540;506;507;424;325;;;;;;;;;;
;10:39:31;29;313;358;358;287;242;226;170;159;464;529;531;489;434;350;;;;;;;;;;
;10:42:31;29.1;343;355;350;283;256;226;135;158;501;514;481;439;417;357;;;;;;;;;;
;10:45:31;29;357;384;375;283;285;226;162;180;432;578;497;468;422;334;;;;;;;;;;
;10:48:31;29;347;349;358;284;265;196;164;161;453;560;494;463;411;340;;;;;;;;;;
;10:51:31;29;322;383;369;328;288;223;172;187;458;546;505;503;423;336;;;;;;;;;;
;10:54:31;29;372;368;347;287;245;203;188;157;494;497;499;496;414;378;;;;;;;;;;
;10:57:31;29;328;347;376;254;272;220;178;154;420;543;501;487;441;335;;;;;;;;;;
;11:00:31;29;341;331;355;291;253;231;191;182;439;555;455;508;431;364;;;;;;;;;;
;11:03:31;29;346;369;353;290;255;213;164;173;456;580;500;486;428;330;;;;;;;;;;
;11:06:31;29;327;358;363;287;246;237;173;178;431;513;443;469;402;328;;;;;;;;;;
;11:09:31;29;332;365;334;264;264;235;171;163;454;507;497;487;366;326;;;;;;;;;;
;11:12:31;29.1;350;346;365;277;258;212;160;159;428;535;501;463;380;317;;;;;;;;;;
;11:15:31;29.1;333;378;379;279;253;206;195;161;451;516;506;467;383;364;;;;;;;;;;
;11:18:31;29.1;343;367;348;301;257;205;204;171;431;521;477;429;410;311;;;;;;;;;;
;11:21:31;29.1;352;383;356;294;232;218;172;162;426;537;484;462;421;319;;;;;;;;;;
;11:24:31;29.1;341;342;317;327;245;213;165;159;416;534;509;456;396;313;;;;;;;;;;
;11:27:31;29.1;310;372;377;280;273;215;150;166;446;490;497;448;401;314;;;;;;;;;;
;11:30:31;29.1;306;354;351;271;260;230;170;182;407;509;484;467;401;333;;;;;;;;;;
;11:33:31;29.1;332;350;340;294;251;228;140;143;446;487;474;462;405;304;;;;;;;;;;
;11:36:31;29.1;353;326;347;295;274;204;161;163;385;499;492;458;388;315;;;;;;;;;;
;11:39:31;29.1;309;352;368;277;255;198;163;145;403;531;530;480;380;300;;;;;;;;;;
;11:42:31;29.1;334;305;380;285;265;226;160;139;427;487;467;472;452;327;;;;;;;;;;
;11:45:31;29.1;303;327;346;265;266;206;152;173;424;493;474;436;376;323;;;;;;;;;;
;11:48:31;29.1;324;369;328;295;247;201;149;163;402;473;427;468;386;330;;;;;;;;;;
;11:51:31;29.1;302;333;366;279;262;188;174;154;431;496;506;471;376;285;;;;;;;;;;
;11:54:31;29.1;337;295;360;276;224;220;156;172;460;486;479;467;396;314;;;;;;;;;;
;11:57:31;29.1;350;358;357;289;264;213;174;152;452;524;498;421;401;312;;;;;;;;;;
;12:00:31;29.1;330;330;345;302;241;220;138;135;428;528;486;413;339;313;;;;;;;;;;
;12:03:31;29.1;321;334;356;291;254;229;162;159;426;498;492;423;371;272;;;;;;;;;;
;12:06:31;29.1;297;333;349;275;264;197;177;166;391;518;468;398;382;294;;;;;;;;;;
;12:09:31;29;337;327;368;277;238;243;151;151;451;520;459;428;412;332;;;;;;;;;;
;12:12:31;29;322;336;393;290;240;237;175;173;404;492;447;434;349;299;;;;;;;;;;
;12:15:31;29;327;364;361;261;247;205;157;153;400;461;462;415;381;288;;;;;;;;;;
;12:18:31;29;321;331;343;287;270;220;177;133;443;504;462;427;368;318;;;;;;;;;;
;12:21:31;29;359;359;357;290;240;220;170;177;420;480;449;461;380;293;;;;;;;;;;
;12:24:31;29;343;378;348;257;233;207;154;150;412;490;479;440;379;292;;;;;;;;;;
;12:27:31;29;335;360;374;270;252;216;164;179;398;460;465;473;387;311;;;;;;;;;;
;12:30:31;29;307;355;350;282;256;217;187;171;400;485;500;458;381;324;;;;;;;;;;
;12:33:31;29.1;355;322;364;286;248;215;178;178;403;452;478;437;361;285;;;;;;;;;;
;12:36:31;29.1;317;324;350;290;257;202;165;157;399;467;477;402;372;275;;;;;;;;;;
;12:39:31;29.1;334;338;328;277;254;214;180;173;419;472;471;412;388;299;;;;;;;;;;
;12:42:31;29.1;336;307;351;273;255;239;182;150;397;507;455;398;362;302;;;;;;;;;;
;12:45:31;29.1;301;344;337;295;236;219;168;160;402;461;436;428;390;287;;;;;;;;;;
;12:48:31;29.1;332;354;375;311;226;202;168;156;360;502;502;429;396;313;;;;;;;;;;
;12:51:31;29.1;343;359;325;301;233;243;155;151;415;489;469;400;380;287;;;;;;;;;;
;12:54:31;29.1;311;349;337;296;251;237;154;180;374;486;476;415;380;328;;;;;;;;;;
;12:57:31;29.1;345;323;330;248;254;188;146;146;406;493;493;444;403;281;;;;;;;;;;
;13:00:31;29.1;340;346;328;257;244;218;169;150;402;497;476;422;379;318;;;;;;;;;;
;13:03:31;29.1;322;323;353;277;265;196;167;160;361;447;434;387;365;264;;;;;;;;;;
;13:06:31;29.1;324;356;348;280;254;192;165;169;359;490;472;462;385;318;;;;;;;;;;
;13:09:31;29.1;294;309;362;296;244;233;157;183;386;443;473;404;357;294;;;;;;;;;;
;13:12:31;29.1;337;351;375;259;250;219;176;156;390;511;427;422;355;303;;;;;;;;;;
;13:15:31;29.1;292;343;334;300;244;205;187;154;385;454;453;401;328;274;;;;;;;;;;
;13:18:31;29.1;321;300;336;271;223;219;168;168;386;432;444;435;365;266;;;;;;;;;;
;13:21:31;29;295;327;357;289;262;226;145;154;377;447;415;433;360;268;;;;;;;;;;
;13:24:31;29;337;321;336;296;237;207;138;150;384;448;402;364;364;276;;;;;;;;;;
;13:27:31;29;341;312;332;283;216;195;176;186;380;436;452;375;351;247;;;;;;;;;;
;13:30:31;29;327;297;333;281;226;180;170;185;376;463;440;410;360;293;;;;;;;;;;
;13:33:31;29;373;310;361;264;220;212;164;176;359;448;460;393;341;285;;;;;;;;;;
;13:36:31;29;302;336;332;248;258;173;171;170;391;412;421;450;365;259;;;;;;;;;;
;13:39:31;29;332;321;358;273;247;200;194;150;342;476;437;396;357;288;;;;;;;;;;
;13:42:31;29;337;326;348;273;238;216;169;151;370;482;412;374;376;295;;;;;;;;;;
;13:45:31;29;314;317;390;272;242;221;162;166;380;430;450;407;358;296;;;;;;;;;;
;13:48:31;29;345;335;356;284;264;210;178;167;366;433;402;405;342;300;;;;;;;;;;
;13:51:31;29;323;345;338;272;230;232;178;177;380;450;438;414;333;269;;;;;;;;;;
;13:54:31;29.1;303;339;368;282;254;212;155;168;361;432;455;415;301;287;;;;;;;;;;
;13:57:31;29.1;340;328;340;263;244;230;160;157;359;432;428;398;350;272;;;;;;;;;;
;14:00:31;29.1;321;303;332;281;265;199;164;159;362;459;459;405;385;285;;;;;;;;;;
;;;;;;;;;;;;;;;;;;;;;;;;;;
gfp:485,525;;;;;;;;;;;;;;;;;;;;;;;;;;
;;;;;;;;;;;;;;;;;;;;;;;;;;
;Time;T° gfp:485,525;F1;F2;F3;F4;F5;F6;F7;F8;F9;F10;F11;F12;F13;F14;;;;;;;;;;
;0:01:06;29;29;21;17;14;6;23;3;29;20;22;21;0;10;6;;;;;;;;;;
;0:04:06;29;17;11;2;7;0;2;18;18;10;20;15;16;15;20;;;;;;;;;;
;0:07:06;29;5;7;20;16;21;10;13;28;25;9;19;22;17;2;;;;;;;;;;
;0:10:06;29;0;16;13;33;18;15;35;33;22;17;16;31;25;30;;;;;;;;;;
;0:13:06;29;22;13;19;19;17;46;75;102;18;23;27;40;70;86;;;;;;;;;;
;0:16:06;29;37;30;17;41;29;70;122;186;20;38;53;69;116;184;;;;;;;;;;
;0:19:06;29;32;17;30;66;55;137;233;301;22;51;84;111;220;330;;;;;;;;;;
;0:22:06;29;58;5;47;93;100;205;354;506;41;72;123;213;369;517;;;;;;;;;;
;0:25:06;29;79;19;51;135;154;300;527;716;63;127;215;300;565;817;;;;;;;;;;
;0:28:06;29;97;0;94;182;230;426;722;1009;93;179;281;436;812;1114;;;;;;;;;;
;0:31:06;29;132;2;113;243;314;566;967;1327;108;231;380;576;1061;1495;;;;;;;;;;
;0:34:06;29.1;171;12;145;305;393;728;1224;1691;160;321;491;752;1411;1916;;;;;;;;;;
;0:37:06;29.1;196;13;170;364;513;893;1498;2090;180;379;612;963;1747;2327;;;;;;;;;;
;0:40:06;29.1;233;15;214;467;615;1071;1807;2509;233;464;747;1174;2110;2808;;;;;;;;;;
;0:43:06;29.1;274;4;257;550;724;1270;2143;2893;279;581;879;1385;2508;3295;;;;;;;;;;
;0:46:06;29.1;315;1;286;623;845;1438;2470;3322;325;671;1031;1602;2919;3826;;;;;;;;;;
;0:49:06;29.1;372;1;333;716;982;1626;2824;3726;367;770;1184;1860;3291;4321;;;;;;;;;;
;0:52:06;29.1;406;11;373;801;1090;1803;3170;4122;426;876;1327;2091;3695;4751;;;;;;;;;;
;0:55:06;29.1;454;4;415;911;1247;1993;3503;4512;467;991;1496;2332;4075;5221;;;;;;;;;;
;0:58:06;29.1;505;9;456;988;1362;2199;3823;4900;515;1083;1642;2560;4461;5640;;;;;;;;;;
;1:01:06;29.1;535;9;491;1100;1516;2386;4161;5268;561;1210;1817;2809;4879;6080;;;;;;;;;;
;1:04:06;29.1;601;0;541;1185;1629;2599;4479;5596;611;1319;1983;3058;5252;6446;;;;;;;;;;
;1:07:06;29.1;642;0;580;1271;1784;2794;4809;5922;663;1423;2161;3310;5612;6763;;;;;;;;;;
;1:10:06;29.1;702;8;620;1378;1896;3000;5120;6229;709;1512;2292;3549;6002;7075;;;;;;;;;;
;1:13:06;29;750;19;683;1459;2061;3226;5451;6546;773;1648;2453;3814;6402;7422;;;;;;;;;;
;1:16:06;29;797;17;721;1559;2188;3412;5747;6849;821;1747;2628;4058;6704;7728;;;;;;;;;;
;1:19:06;29.1;860;21;773;1648;2323;3634;6060;7162;852;1852;2807;4261;7074;8121;;;;;;;;;;
;1:22:06;29.1;877;13;805;1752;2442;3826;6375;7517;925;1979;2975;4519;7420;8419;;;;;;;;;;
;1:25:06;29.1;940;2;877;1852;2589;4029;6659;7821;992;2098;3131;4797;7814;8768;;;;;;;;;;
;1:28:06;29.1;981;22;902;1960;2742;4272;7024;8167;1029;2231;3324;5055;8177;9132;;;;;;;;;;
;1:31:06;29;1047;0;957;2084;2895;4469;7362;8535;1073;2332;3485;5292;8475;9439;;;;;;;;;;
;1:34:06;29.1;1100;20;1007;2173;3029;4730;7684;8917;1133;2446;3697;5549;8853;9892;;;;;;;;;;
;1:37:06;29;1133;0;1039;2293;3183;4940;8044;9296;1196;2580;3862;5816;9222;10258;;;;;;;;;;
;1:40:06;29;1193;0;1098;2385;3327;5175;8398;9643;1244;2725;4050;6077;9583;10628;;;;;;;;;;
;1:43:06;29;1256;6;1161;2489;3466;5403;8744;9914;1320;2833;4231;6334;9895;10922;;;;;;;;;;
;1:46:06;29;1306;13;1202;2588;3620;5635;9001;10298;1374;2957;4401;6564;10263;11257;;;;;;;;;;
;1:49:06;29.1;1361;17;1255;2713;3774;5847;9414;10619;1415;3102;4590;6827;10684;11621;;;;;;;;;;
;1:52:06;29.1;1411;9;1291;2840;3913;6096;9686;10840;1504;3201;4770;7142;10990;11971;;;;;;;;;;
;1:55:06;29.1;1477;2;1357;2924;4076;6318;10058;11233;1544;3312;4977;7380;11411;12347;;;;;;;;;;
;1:58:06;29.1;1522;14;1385;3043;4221;6565;10360;11562;1599;3458;5173;7664;11715;12683;;;;;;;;;;
;2:01:06;29.1;1584;31;1441;3144;4373;6759;10706;11887;1664;3595;5343;7895;12017;12982;;;;;;;;;;
;2:04:06;29.1;1615;7;1515;3241;4506;6968;10998;12162;1723;3679;5531;8170;12323;13329;;;;;;;;;;
;2:07:06;29.1;1674;3;1530;3364;4671;7216;11324;12475;1767;3831;5718;8417;12664;13656;;;;;;;;;;
;2:10:06;29.1;1750;1;1590;3479;4814;7412;11631;12768;1813;3951;5864;8630;13061;13971;;;;;;;;;;
;2:13:06;29.1;1805;12;1628;3579;4972;7631;12013;13101;1856;4094;6045;8896;13373;14252;;;;;;;;;;
;2:16:06;29.1;1843;21;1684;3698;5118;7880;12382;13341;1948;4165;6220;9201;13668;14579;;;;;;;;;;
;2:19:06;29.1;1910;12;1729;3787;5249;8068;12595;13729;1997;4347;6405;9393;14009;15007;;;;;;;;;;
;2:22:06;29.1;1947;29;1793;3925;5421;8337;12919;14012;2040;4441;6597;9675;14322;15268;;;;;;;;;;
;2:25:06;29;2016;6;1840;4038;5528;8590;13287;14293;2102;4553;6806;9909;14579;15633;;;;;;;;;;
;2:28:06;29.1;2075;7;1906;4121;5691;8738;13569;14631;2172;4671;6964;10173;14860;15918;;;;;;;;;;
;2:31:06;29.1;2114;18;1939;4280;5846;8990;13940;14950;2235;4792;7137;10373;15245;16224;;;;;;;;;;
;2:34:06;29.1;2163;0;1977;4387;6011;9183;14229;15234;2262;4904;7290;10598;15577;16519;;;;;;;;;;
;2:37:06;29.1;2232;21;2050;4488;6119;9421;14548;15537;2334;5041;7497;10899;15858;16815;;;;;;;;;;
;2:40:06;29.1;2280;23;2075;4598;6291;9624;14795;15812;2397;5122;7655;11087;16130;17117;;;;;;;;;;
;2:43:06;29.1;2335;23;2125;4711;6448;9818;15176;16089;2409;5300;7857;11377;16515;17491;;;;;;;;;;
;2:46:06;29.1;2378;8;2199;4830;6575;10046;15529;16439;2502;5412;8053;11597;16827;17774;;;;;;;;;;
;2:49:06;29;2441;29;2225;4934;6712;10233;15774;16669;2541;5539;8172;11878;17038;18085;;;;;;;;;;
;2:52:06;29;2477;16;2276;5052;6860;10528;16030;16973;2594;5629;8372;12064;17391;18427;;;;;;;;;;
;2:55:06;29;2547;8;2311;5183;6997;10683;16347;17252;2632;5751;8542;12286;17647;18660;;;;;;;;;;
;2:58:06;29;2579;22;2389;5298;7143;10909;16670;17500;2685;5872;8704;12533;17978;18985;;;;;;;;;;
;3:01:06;29;2636;10;2419;5422;7305;11105;16967;17818;2771;5993;8841;12737;18228;19225;;;;;;;;;;
;3:04:06;29;2683;14;2470;5512;7419;11308;17189;18099;2799;6077;8995;12990;18456;19461;;;;;;;;;;
;3:07:06;29;2772;18;2501;5587;7511;11500;17462;18289;2850;6214;9164;13288;18730;19798;;;;;;;;;;
;3:10:06;29;2783;20;2568;5677;7638;11652;17852;18573;2908;6292;9286;13467;19024;20042;;;;;;;;;;
;3:13:06;29.1;2834;19;2609;5799;7757;11880;18058;18776;2970;6424;9479;13626;19247;20352;;;;;;;;;;
;3:16:06;29.1;2896;22;2636;5921;7893;12057;18222;19028;3001;6496;9635;13805;19470;20529;;;;;;;;;;
;3:19:06;29.1;2936;24;2691;6012;7995;12261;18581;19276;3055;6628;9765;14032;19741;20760;;;;;;;;;;
;3:22:06;29.1;2992;27;2732;6128;8115;12394;18756;19502;3101;6720;9920;14197;19939;21045;;;;;;;;;;
;3:25:06;29.1;3019;5;2781;6202;8255;12580;19059;19673;3136;6786;10027;14387;20221;21208;;;;;;;;;;
;3:28:06;29.1;3037;29;2814;6318;8351;12777;19203;19896;3181;6909;10146;14616;20388;21413;;;;;;;;;;
;3:31:06;29.1;3118;30;2860;6410;8490;12887;19470;20050;3223;6985;10311;14699;20609;21595;;;;;;;;;;
;3:34:06;29.1;3148;22;2878;6461;8535;13098;19646;20138;3240;7062;10394;14981;20801;21729;;;;;;;;;;
;3:37:06;29.1;3188;15;2920;6571;8652;13197;19887;20351;3314;7138;10496;15079;20941;21980;;;;;;;;;;
;3:40:06;29.1;3244;22;2965;6685;8751;13369;20070;20527;3350;7220;10664;15290;21183;22179;;;;;;;;;;
;3:43:06;29.1;3268;15;2979;6756;8902;13496;20219;20815;3405;7334;10809;15445;21413;22446;;;;;;;;;;
;3:46:06;29.1;3322;26;3046;6832;8960;13631;20529;20901;3433;7419;10866;15620;21596;22609;;;;;;;;;;
;3:49:06;29.1;3350;15;3056;6959;9077;13749;20639;21065;3486;7492;10976;15824;21821;22829;;;;;;;;;;
;3:52:06;29.1;3398;14;3105;7027;9170;14003;20969;21255;3513;7575;11165;16005;22025;22986;;;;;;;;;;
;3:55:06;29.1;3429;33;3138;7123;9251;14121;21089;21421;3547;7647;11261;16131;22219;23145;;;;;;;;;;
;3:58:06;29.1;3455;27;3194;7192;9356;14253;21341;21525;3580;7722;11384;16275;22433;23378;;;;;;;;;;
;4:01:06;29;3491;19;3192;7285;9448;14357;21502;21785;3635;7840;11483;16480;22569;23598;;;;;;;;;;
;4:04:06;29.1;3534;18;3239;7387;9530;14532;21689;21972;3642;7896;11599;16612;22822;23779;;;;;;;;;;
;4:07:06;29.1;3587;36;3284;7447;9640;14682;21820;22124;3678;7976;11685;16745;22917;23959;;;;;;;;;;
;4:10:06;29;3622;33;3325;7561;9754;14795;22047;22347;3729;8041;11806;16891;23078;24026;;;;;;;;;;
;4:13:06;29;3665;30;3348;7686;9826;14983;22308;22545;3768;8163;11918;17061;23317;24245;;;;;;;;;;
;4:16:06;29;3701;29;3371;7753;9947;15096;22425;22672;3795;8259;12064;17203;23454;24496;;;;;;;;;;
;4:19:06;29;3752;16;3420;7852;10011;15198;22616;22838;3872;8308;12152;17391;23657;24720;;;;;;;;;;
;4:22:06;29;3767;26;3467;7992;10072;15311;22815;23037;3889;8349;12263;17609;23872;24839;;;;;;;;;;
;4:25:06;29;3791;43;3473;8061;10199;15467;23062;23132;3934;8451;12385;17631;24090;24971;;;;;;;;;;
;4:28:06;29;3851;11;3522;8191;10294;15627;23120;23259;3967;8507;12489;17801;24202;25209;;;;;;;;;;
;4:31:06;29.1;3886;35;3539;8283;10339;15714;23337;23430;3989;8556;12565;17957;24138;25278;;;;;;;;;;
;4:34:06;29.1;3911;45;3564;8326;10438;15860;23496;23591;4021;8624;12616;18012;24459;25472;;;;;;;;;;
;4:37:06;29.1;3920;32;3603;8451;10539;15955;23645;23746;4064;8703;12761;18310;24668;25538;;;;;;;;;;
;4:40:06;29.1;3983;35;3624;8517;10556;16103;23776;23849;4082;8779;12799;18329;24734;25632;;;;;;;;;;
;4:43:06;29.1;3995;43;3667;8616;10671;16231;24028;23872;4103;8831;12972;18476;24828;25913;;;;;;;;;;
;4:46:06;29.1;4045;26;3679;8697;10734;16279;24111;23942;4109;8899;12996;18644;25003;25959;;;;;;;;;;
;4:49:06;29.1;4027;39;3706;8716;10777;16337;24197;24084;4155;8966;13083;18703;25110;26030;;;;;;;;;;
;4:52:06;29.1;4082;36;3721;8758;10797;16446;24445;24194;4199;8977;13125;18803;25249;26196;;;;;;;;;;
;4:55:06;29.1;4122;38;3733;8800;10862;16595;24439;24265;4219;9000;13155;18929;25339;26334;;;;;;;;;;
;4:58:06;29.1;4123;32;3787;8873;10965;16659;24519;24386;4255;9068;13314;19066;25385;26387;;;;;;;;;;
;5:01:06;29.1;4143;31;3810;8936;11052;16816;24742;24475;4263;9138;13398;19155;25514;26423;;;;;;;;;;
;5:04:06;29.1;4174;47;3815;8982;11126;16904;24834;24606;4309;9220;13528;19302;25616;26633;;;;;;;;;;
;5:07:06;29;4205;20;3839;8978;11151;17016;24865;24735;4336;9265;13582;19388;25817;26759;;;;;;;;;;
;5:10:06;29.1;4215;32;3870;9060;11285;17158;24975;24746;4347;9363;13662;19517;25883;26927;;;;;;;;;;
;5:13:06;29.1;4269;38;3885;9093;11315;17223;25091;24889;4410;9402;13763;19646;26041;26927;;;;;;;;;;
;5:16:06;29;4294;25;3920;9140;11397;17357;25238;24988;4437;9431;13837;19753;26215;27079;;;;;;;;;;
;5:19:06;29.1;4307;26;3960;9178;11483;17366;25332;25080;4457;9559;13976;19930;26306;27261;;;;;;;;;;
;5:22:06;29.1;4350;37;3982;9121;11515;17533;25358;25218;4510;9598;14034;20003;26437;27311;;;;;;;;;;
;5:25:06;29;4392;15;4010;9222;11621;17558;25460;25236;4547;9660;14119;20056;26581;27399;;;;;;;;;;
;5:28:06;29;4429;38;4035;9236;11688;17698;25481;25461;4561;9747;14235;20162;26660;27521;;;;;;;;;;
;5:31:06;29;4465;39;4109;9259;11767;17804;25638;25558;4594;9796;14295;20295;26840;27716;;;;;;;;;;
;5:34:06;29;4487;27;4104;9276;11853;17897;25607;25642;4637;9942;14420;20375;26977;27758;;;;;;;;;;
;5:37:06;29;4502;20;4126;9344;11956;17931;25778;25762;4676;9959;14553;20405;27226;27933;;;;;;;;;;
;5:40:06;29;4571;40;4166;9323;11986;18013;25760;25866;4730;10038;14592;20441;27331;28091;;;;;;;;;;
;5:43:06;29;4569;43;4223;9318;12066;18046;25823;25949;4754;10107;14663;20574;27411;28096;;;;;;;;;;
;5:46:06;29;4619;49;4235;9328;12111;18070;25902;26022;4801;10157;14731;20594;27582;28236;;;;;;;;;;
;5:49:06;29;4630;29;4268;9319;12137;18144;25865;26192;4813;10226;14769;20719;27639;28324;;;;;;;;;;
;5:52:06;29;4667;35;4286;9345;12164;18211;25933;26347;4891;10262;14888;20690;27820;28335;;;;;;;;;;
;5:55:06;29.1;4714;31;4354;9352;12227;18155;25928;26324;4881;10330;14875;20748;27914;28497;;;;;;;;;;
;5:58:06;29.1;4725;38;4361;9333;12272;18201;26012;26372;4948;10396;14945;20815;28022;28593;;;;;;;;;;
;6:01:06;29.1;4768;43;4398;9362;12294;18281;25961;26441;4985;10414;14995;20769;28078;28647;;;;;;;;;;
;6:04:06;29.1;4771;35;4413;9387;12286;18294;26059;26464;4992;10405;15014;20820;28191;28749;;;;;;;;;;
;6:07:06;29.1;4802;27;4424;9394;12275;18261;26027;26574;5010;10429;15039;20795;28414;28773;;;;;;;;;;
;6:10:06;29.1;4811;48;4427;9366;12328;18339;25936;26670;5044;10418;15027;20790;28375;28838;;;;;;;;;;
;6:13:06;29.1;4851;55;4467;9354;12307;18301;26088;26784;5058;10421;15013;20800;28460;28946;;;;;;;;;;
;6:16:06;29.1;4848;45;4477;9356;12278;18282;25912;26714;5086;10443;15000;20820;28384;28852;;;;;;;;;;
;6:19:06;29.1;4851;32;4491;9365;12361;18253;25888;26796;5084;10479;15080;20776;28474;28975;;;;;;;;;;
;6:22:06;29.1;4868;54;4499;9299;12326;18213;25923;26821;5099;10479;14983;20766;28577;29182;;;;;;;;;;
;6:25:06;29.1;4868;43;4524;9296;12312;18304;25915;26923;5118;10544;15045;20734;28723;29181;;;;;;;;;;
;6:28:06;29.1;4897;44;4544;9322;12360;18292;25885;26913;5104;10518;15069;20762;28760;29200;;;;;;;;;;
;6:31:06;29.1;4911;45;4587;9336;12359;18278;25924;26930;5162;10476;15039;20781;28756;29224;;;;;;;;;;
;6:34:06;29.1;4912;37;4576;9332;12371;18267;26021;26998;5138;10562;15124;20797;28907;29311;;;;;;;;;;
;6:37:06;29.1;4926;44;4576;9355;12392;18278;25866;27179;5167;10581;15074;20762;29049;29390;;;;;;;;;;
;6:40:06;29;4967;41;4582;9392;12404;18316;25928;27216;5200;10593;15118;20759;29058;29529;;;;;;;;;;
;6:43:06;29.1;4957;45;4583;9321;12415;18264;25979;27309;5201;10581;15121;20802;29110;29499;;;;;;;;;;
;6:46:06;29;4984;36;4618;9300;12403;18334;25949;27299;5211;10607;15119;20770;29123;29580;;;;;;;;;;
;6:49:06;29;4969;46;4656;9375;12413;18326;26005;27457;5246;10601;15108;20885;29318;29716;;;;;;;;;;
;6:52:06;29.1;5022;29;4671;9373;12463;18416;26020;27622;5250;10639;15167;20920;29337;29757;;;;;;;;;;
;6:55:06;29;5024;47;4650;9390;12484;18395;26063;27701;5248;10593;15210;20881;29389;29925;;;;;;;;;;
;6:58:06;29;5024;48;4669;9436;12478;18395;26078;27797;5262;10684;15191;20928;29458;29992;;;;;;;;;;
;7:01:06;29;5014;44;4678;9436;12483;18495;26194;27847;5255;10646;15229;20918;29605;30210;;;;;;;;;;
;7:04:06;29;5015;38;4687;9389;12505;18375;26089;27965;5278;10665;15222;20963;29559;30210;;;;;;;;;;
;7:07:06;29;5019;35;4741;9413;12490;18454;26103;28092;5272;10668;15290;21044;29666;30210;;;;;;;;;;
;7:10:06;29;5025;45;4714;9466;12567;18494;26142;28106;5276;10706;15140;20975;29635;30278;;;;;;;;;;
;7:13:06;29.1;5045;41;4727;9471;12495;18450;26108;28242;5269;10668;15218;20943;29658;30450;;;;;;;;;;
;7:16:06;29.1;5056;43;4737;9456;12525;18436;26215;28344;5268;10691;15296;21062;29735;30507;;;;;;;;;;
;7:19:06;29.1;5021;59;4719;9433;12501;18512;26250;28491;5288;10658;15302;20985;29765;30677;;;;;;;;;;
;7:22:06;29.1;5034;45;4749;9372;12494;18445;26180;28441;5295;10718;15255;21005;29760;30661;;;;;;;;;;
;7:25:06;29.1;5040;47;4739;9443;12532;18465;26207;28611;5300;10730;15257;21021;29708;30702;;;;;;;;;;
;7:28:06;29.1;5078;45;4750;9408;12487;18444;26122;28548;5281;10698;15217;20995;29747;30760;;;;;;;;;;
;7:31:06;29.1;5053;53;4754;9405;12525;18483;26128;28566;5310;10697;15257;20977;29684;30803;;;;;;;;;;
;7:34:06;29.1;5036;65;4732;9393;12497;18417;26100;28579;5278;10742;15239;20974;29754;30846;;;;;;;;;;
;7:37:06;29.1;5065;34;4733;9430;12480;18471;26110;28632;5289;10732;15225;20979;29680;30960;;;;;;;;;;
;7:40:06;29.1;5046;54;4727;9398;12471;18449;26069;28790;5315;10667;15196;20886;29699;30920;;;;;;;;;;
;7:43:06;29.1;5057;46;4740;9353;12404;18428;26051;28781;5326;10720;15204;20910;29760;31128;;;;;;;;;;
;7:46:06;29.1;5072;40;4723;9434;12435;18401;26059;28856;5309;10669;15240;20982;29726;31048;;;;;;;;;;
;7:49:06;29.1;5035;34;4729;9439;12446;18441;26091;28863;5290;10686;15253;20938;29643;31171;;;;;;;;;;
;7:52:06;29;5048;45;4757;9444;12469;18429;25980;28862;5305;10642;15204;20883;29720;31238;;;;;;;;;;
;7:55:06;29.1;5018;57;4757;9430;12543;18433;26053;28978;5274;10668;15201;20964;29732;31297;;;;;;;;;;
;7:58:06;29;5042;51;4738;9391;12529;18429;26169;29110;5285;10675;15223;20944;29791;31457;;;;;;;;;;
;8:01:06;29.1;5070;61;4746;9412;12482;18468;26107;29139;5295;10664;15184;20986;29741;31450;;;;;;;;;;
;8:04:06;29.1;5054;41;4769;9435;12508;18403;26130;29281;5331;10682;15227;21016;29777;31524;;;;;;;;;;
;8:07:06;29;5067;65;4717;9441;12474;18467;26121;29251;5289;10690;15254;20957;29788;31610;;;;;;;;;;
;8:10:06;29.1;5066;57;4739;9467;12502;18447;26157;29287;5292;10669;15200;20975;29867;31710;;;;;;;;;;
;8:13:06;29.1;5072;30;4756;9457;12577;18440;26164;29354;5295;10713;15287;21020;29846;31717;;;;;;;;;;
;8:16:06;29;5069;50;4750;9484;12555;18432;26160;29470;5309;10730;15272;21006;29868;31797;;;;;;;;;;
;8:19:06;29;5076;37;4767;9481;12568;18510;26231;29488;5316;10699;15364;21077;29957;31934;;;;;;;;;;
;8:22:06;29;5106;60;4801;9493;12540;18563;26252;29646;5338;10744;15352;21087;29877;31975;;;;;;;;;;
;8:25:06;29;5083;41;4820;9508;12591;18524;26276;29686;5341;10784;15363;21163;29943;32058;;;;;;;;;;
;8:28:06;29;5103;41;4788;9506;12579;18533;26239;29650;5310;10787;15359;21142;29852;32109;;;;;;;;;;
;8:31:06;29.1;5082;48;4811;9491;12576;18535;26288;29680;5307;10729;15352;21103;29960;32205;;;;;;;;;;
;8:34:06;29;5118;51;4787;9510;12563;18573;26182;29824;5326;10787;15356;21148;29981;32194;;;;;;;;;;
;8:37:06;29.1;5059;33;4825;9544;12533;18521;26267;29859;5338;10812;15332;21197;29987;32227;;;;;;;;;;
;8:40:06;29.1;5094;49;4783;9508;12544;18655;26281;29893;5376;10743;15389;21126;29986;32348;;;;;;;;;;
;8:43:06;29.1;5100;51;4752;9526;12605;18585;26303;29861;5337;10801;15357;21091;30050;32447;;;;;;;;;;
;8:46:06;29.1;5093;44;4786;9555;12585;18530;26223;29885;5347;10791;15349;21103;29961;32399;;;;;;;;;;
;8:49:06;29.1;5076;45;4790;9499;12613;18554;26199;29978;5311;10768;15335;21132;29869;32375;;;;;;;;;;
;8:52:06;29.1;5097;41;4804;9494;12541;18556;26277;29909;5309;10776;15393;21028;29796;32343;;;;;;;;;;
;8:55:06;29.1;5056;52;4790;9476;12529;18578;26214;29879;5338;10714;15312;21063;29867;32316;;;;;;;;;;
;8:58:06;29.1;5091;48;4769;9458;12535;18448;26164;29790;5337;10725;15349;21104;29739;32365;;;;;;;;;;
;9:01:06;29.1;5061;42;4757;9463;12502;18513;26117;29864;5292;10738;15354;21003;29824;32349;;;;;;;;;;
;9:04:06;29.1;5080;44;4766;9448;12538;18487;26128;29918;5321;10773;15288;21042;29796;32375;;;;;;;;;;
;9:07:06;29.1;5087;27;4781;9469;12549;18481;26098;29899;5306;10731;15325;21015;29751;32408;;;;;;;;;;
;9:10:06;29.1;5081;41;4777;9492;12509;18442;26131;29920;5319;10683;15259;21081;29883;32441;;;;;;;;;;
;9:13:06;29.1;5103;41;4763;9484;12524;18499;26184;29872;5316;10697;15312;21081;29804;32506;;;;;;;;;;
;9:16:06;29.1;5066;43;4784;9516;12542;18502;26233;29961;5349;10705;15377;21058;29815;32657;;;;;;;;;;
;9:19:06;29;5078;47;4773;9483;12575;18487;26206;29978;5330;10759;15303;21004;29871;32645;;;;;;;;;;
;9:22:06;29.1;5096;42;4768;9464;12549;18519;26116;30055;5299;10732;15328;21075;29812;32622;;;;;;;;;;
;9:25:06;29.1;5063;63;4788;9494;12582;18508;26235;30093;5301;10782;15327;21041;29873;32691;;;;;;;;;;
;9:28:06;29;5106;37;4783;9507;12579;18563;26129;30091;5340;10754;15331;21055;29871;32634;;;;;;;;;;
;9:31:06;29;5113;48;4758;9481;12583;18592;26197;30090;5328;10770;15312;21065;29892;32687;;;;;;;;;;
;9:34:06;29;5075;50;4778;9524;12576;18481;26233;30199;5362;10734;15363;21082;29993;32787;;;;;;;;;;
;9:37:06;29;5120;45;4793;9517;12615;18610;26338;30224;5335;10824;15419;21126;29993;32770;;;;;;;;;;
;9:40:06;29;5130;64;4792;9548;12581;18607;26349;30319;5353;10818;15382;21135;30008;32889;;;;;;;;;;
;9:43:06;29;5115;35;4805;9526;12597;18587;26260;30238;5340;10790;15430;21204;29998;32805;;;;;;;;;;
;9:46:06;29;5108;35;4831;9576;12637;18637;26309;30325;5359;10825;15410;21146;29989;32974;;;;;;;;;;
;9:49:06;29;5144;45;4781;9532;12699;18635;26421;30334;5362;10841;15455;21155;30124;32997;;;;;;;;;;
;9:52:06;29;5126;40;4805;9573;12647;18683;26373;30245;5358;10809;15428;21160;30055;32957;;;;;;;;;;
;9:55:06;29.1;5105;35;4843;9520;12661;18610;26392;30300;5367;10818;15463;21225;30053;32921;;;;;;;;;;
;9:58:06;29.1;5107;24;4797;9585;12607;18659;26300;30327;5355;10820;15392;21216;30043;33060;;;;;;;;;;
;10:01:06;29.1;5139;54;4824;9577;12691;18571;26371;30320;5365;10862;15429;21248;30091;32953;;;;;;;;;;
;10:04:06;29.1;5132;39;4829;9554;12630;18631;26343;30261;5367;10856;15492;21160;30086;33076;;;;;;;;;;
;10:07:06;29.1;5112;38;4829;9515;12548;18629;26330;30472;5357;10881;15396;21129;30021;33079;;;;;;;;;;
;10:10:06;29.1;5097;41;4809;9518;12614;18564;26176;30291;5348;10822;15407;21140;29948;32987;;;;;;;;;;
;10:13:06;29.1;5111;21;4814;9552;12575;18551;26203;30403;5314;10838;15426;21065;29926;32926;;;;;;;;;;
;10:16:06;29.1;5082;32;4787;9530;12574;18571;26243;30248;5340;10798;15391;21063;30022;33027;;;;;;;;;;
;10:19:06;29.1;5077;39;4811;9509;12583;18536;26141;30270;5326;10804;15352;21043;29834;32890;;;;;;;;;;
;10:22:06;29.1;5086;25;4813;9538;12556;18474;26247;30165;5300;10819;15356;21110;30037;32840;;;;;;;;;;
;10:25:06;29;5127;46;4810;9508;12587;18535;26256;30271;5353;10759;15348;21158;29977;32972;;;;;;;;;;
;10:28:06;29.1;5128;40;4797;9496;12567;18493;26173;30252;5317;10775;15367;21010;29898;32890;;;;;;;;;;
;10:31:06;29.1;5107;35;4796;9523;12587;18530;26205;30253;5317;10761;15320;21128;29865;32854;;;;;;;;;;
;10:34:06;29;5085;42;4780;9488;12606;18536;26251;30352;5326;10799;15408;21117;29937;33033;;;;;;;;;;
;10:37:06;29.1;5086;46;4787;9521;12628;18478;26190;30290;5303;10760;15373;21074;29922;32767;;;;;;;;;;
;10:40:06;29;5104;42;4798;9511;12551;18531;26257;30335;5308;10779;15330;21107;29922;32937;;;;;;;;;;
;10:43:06;29.1;5126;37;4794;9545;12592;18506;26235;30336;5332;10791;15357;21011;29908;32942;;;;;;;;;;
;10:46:06;29.1;5135;40;4823;9499;12549;18508;26247;30303;5361;10840;15422;21107;29935;32952;;;;;;;;;;
;10:49:06;29;5111;35;4799;9524;12560;18595;26318;30382;5321;10828;15444;21107;29951;33027;;;;;;;;;;
;10:52:06;29;5107;25;4810;9605;12613;18562;26329;30399;5335;10850;15333;21108;29978;33046;;;;;;;;;;
;10:55:06;29;5124;22;4822;9517;12625;18617;26324;30447;5350;10792;15417;21160;30119;33095;;;;;;;;;;
;10:58:06;29;5130;36;4824;9572;12572;18637;26469;30487;5363;10806;15462;21154;30046;33196;;;;;;;;;;
;11:01:06;29;5143;39;4817;9602;12676;18622;26415;30510;5367;10869;15412;21212;30112;33144;;;;;;;;;;
;11:04:06;29;5115;44;4812;9590;12630;18644;26380;30550;5369;10834;15513;21181;30052;33283;;;;;;;;;;
;11:07:06;29;5118;33;4847;9618;12669;18603;26348;30408;5357;10867;15470;21174;30116;33226;;;;;;;;;;
;11:10:06;29;5146;43;4844;9607;12662;18768;26379;30512;5348;10894;15481;21256;30085;33173;;;;;;;;;;
;11:13:06;29;5146;26;4822;9573;12710;18746;26317;30493;5356;10834;15466;21194;30118;33210;;;;;;;;;;
;11:16:06;29.1;5139;38;4839;9608;12676;18718;26329;30511;5381;10870;15466;21217;30113;33260;;;;;;;;;;
;11:19:06;29.1;5139;39;4818;9618;12680;18637;26313;30522;5365;10849;15420;21181;30182;33374;;;;;;;;;;
;11:22:06;29.1;5132;42;4852;9606;12679;18673;26334;30518;5347;10855;15461;21154;30121;33194;;;;;;;;;;
;11:25:06;29.1;5129;33;4836;9622;12701;18606;26425;30475;5361;10856;15533;21213;30085;33328;;;;;;;;;;
;11:28:06;29.1;5135;37;4826;9593;12647;18623;26309;30440;5352;10839;15464;21205;30116;33404;;;;;;;;;;
;11:31:06;29.1;5107;51;4817;9601;12617;18581;26337;30381;5322;10845;15458;21188;29989;33212;;;;;;;;;;
;11:34:06;29.1;5107;36;4803;9574;12614;18590;26270;30361;5326;10822;15323;21190;30029;33122;;;;;;;;;;
;11:37:06;29.1;5101;41;4816;9570;12564;18554;26256;30383;5330;10828;15416;21158;29816;33236;;;;;;;;;;
;11:40:06;29.1;5122;47;4804;9522;12607;18592;26231;30442;5322;10825;15480;21040;29971;33049;;;;;;;;;;
;11:43:06;29.1;5117;24;4797;9538;12596;18498;26094;30351;5313;10854;15358;21006;29939;33167;;;;;;;;;;
;11:46:06;29.1;5101;38;4802;9507;12613;18591;26166;30272;5308;10835;15429;21041;29959;33158;;;;;;;;;;
;11:49:06;29.1;5106;38;4826;9536;12591;18538;26218;30316;5310;10808;15406;21083;29890;33102;;;;;;;;;;
;11:52:06;29.1;5107;39;4819;9526;12589;18556;26194;30388;5321;10818;15361;21120;29970;33209;;;;;;;;;;
;11:55:06;29.1;5123;23;4830;9506;12585;18585;26270;30341;5310;10858;15377;21003;29896;33035;;;;;;;;;;
;11:58:06;29.1;5101;33;4841;9529;12607;18533;26174;30334;5322;10787;15389;21054;30064;33125;;;;;;;;;;
;12:01:06;29.1;5117;42;4784;9537;12647;18595;26183;30454;5334;10848;15366;21117;30022;33093;;;;;;;;;;
;12:04:06;29.1;5140;25;4831;9564;12611;18640;26161;30343;5317;10837;15383;21082;30001;33084;;;;;;;;;;
;12:07:06;29.1;5128;34;4790;9556;12661;18547;26221;30352;5310;10829;15362;21140;29869;33201;;;;;;;;;;
;12:10:06;29.1;5127;45;4810;9573;12682;18588;26274;30394;5307;10776;15460;21122;29952;33171;;;;;;;;;;
;12:13:06;29;5151;45;4845;9544;12666;18656;26266;30441;5340;10837;15409;21105;30063;33269;;;;;;;;;;
;12:16:06;29;5124;40;4845;9594;12649;18594;26404;30418;5323;10861;15425;21189;30028;33281;;;;;;;;;;
;12:19:06;29;5155;31;4839;9576;12625;18635;26355;30534;5330;10855;15448;21183;30112;33257;;;;;;;;;;
;12:22:06;29;5174;36;4845;9586;12651;18635;26301;30492;5375;10863;15470;21194;30020;33212;;;;;;;;;;
;12:25:06;29;5147;23;4823;9611;12669;18651;26294;30564;5334;10887;15442;21149;30109;33343;;;;;;;;;;
;12:28:06;29;5165;32;4840;9627;12707;18633;26417;30596;5318;10867;15516;21218;30162;33345;;;;;;;;;;
;12:31:06;29;5150;18;4863;9643;12639;18589;26271;30627;5349;10912;15534;21207;30136;33363;;;;;;;;;;
;12:34:06;29.1;5181;29;4847;9578;12712;18658;26391;30557;5368;10890;15499;21254;30125;33461;;;;;;;;;;
;12:37:06;29.1;5151;27;4838;9587;12657;18651;26446;30456;5364;10885;15541;21221;30210;33402;;;;;;;;;;
;12:40:06;29.1;5173;39;4842;9628;12646;18648;26454;30569;5326;10910;15508;21224;30160;33444;;;;;;;;;;
;12:43:06;29.1;5138;43;4845;9588;12698;18680;26346;30567;5384;10912;15563;21238;30053;33521;;;;;;;;;;
;12:46:06;29.1;5164;48;4857;9582;12670;18748;26368;30492;5340;10834;15498;21202;30063;33362;;;;;;;;;;
;12:49:06;29.1;5148;43;4843;9577;12695;18659;26325;30479;5335;10900;15486;21096;30063;33227;;;;;;;;;;
;12:52:06;29.1;5112;44;4807;9583;12655;18649;26239;30446;5323;10891;15567;21212;30060;33134;;;;;;;;;;
;12:55:06;29.1;5149;50;4831;9586;12589;18592;26278;30435;5326;10905;15382;21052;30043;33194;;;;;;;;;;
;12:58:06;29.1;5121;25;4819;9538;12647;18590;26272;30410;5329;10827;15492;21133;30040;33178;;;;;;;;;;
;13:01:06;29.1;5174;35;4818;9593;12636;18612;26200;30376;5342;10840;15487;21101;29967;33157;;;;;;;;;;
;13:04:06;29.1;5147;43;4836;9517;12639;18540;26350;30367;5316;10810;15363;21047;29897;32992;;;;;;;;;;
;13:07:06;29.1;5103;41;4792;9574;12583;18576;26348;30369;5332;10873;15413;21199;29952;33126;;;;;;;;;;
;13:10:06;29.1;5135;23;4799;9552;12649;18552;26364;30443;5329;10813;15370;21178;29990;33323;;;;;;;;;;
;13:13:06;29;5130;28;4817;9539;12625;18560;26296;30429;5328;10871;15450;21101;30075;33417;;;;;;;;;;
;13:16:06;29.1;5144;34;4771;9547;12633;18547;26160;30469;5316;10852;15434;21033;30153;33120;;;;;;;;;;
;13:19:06;29.1;5120;38;4837;9601;12611;18673;26270;30437;5337;10831;15444;21088;30254;33285;;;;;;;;;;
;13:22:06;29;5092;40;4840;9556;12630;18686;26285;30599;5346;10864;15358;21054;29954;33304;;;;;;;;;;
;13:25:06;29.1;5134;30;4814;9571;12640;18619;26153;30444;5277;10878;15482;21049;30206;33217;;;;;;;;;;
;13:28:06;29;5174;40;4822;9572;12651;18645;26315;30437;5337;10840;15428;21157;30107;33388;;;;;;;;;;
;13:31:06;29;5171;42;4826;9607;12670;18719;26214;30588;5296;10899;15439;21039;30085;33429;;;;;;;;;;
;13:34:06;29;5146;58;4835;9607;12701;18668;26233;30683;5339;10932;15538;21165;30329;33300;;;;;;;;;;
;13:37:06;29;5154;30;4852;9598;12650;18771;26395;30656;5345;10881;15456;21213;30130;33446;;;;;;;;;;
;13:40:06;29;5146;39;4847;9645;12737;18698;26411;30653;5341;10921;15586;21262;30339;33451;;;;;;;;;;
;13:43:06;29;5181;25;4845;9635;12748;18703;26314;30699;5364;10963;15583;21172;30161;33512;;;;;;;;;;
;13:46:06;29;5142;28;4868;9617;12771;18757;26409;30796;5327;10964;15517;21252;30351;33460;;;;;;;;;;
;13:49:06;29;5167;27;4859;9619;12726;18707;26566;30664;5380;10927;15481;21260;30172;33489;;;;;;;;;;
;13:52:06;29.1;5172;37;4850;9599;12709;18756;26494;30499;5339;10913;15489;21171;30216;33527;;;;;;;;;;
;13:55:06;29;5173;32;4841;9705;12742;18763;26375;30591;5331;10909;15577;21214;30139;33558;;;;;;;;;;
;13:58:06;29.1;5158;52;4857;9656;12729;18754;26450;30776;5361;10984;15636;21313;30209;33478;;;;;;;;;;
;14:01:06;29.1;5174;34;4849;9667;12667;18734;26408;30597;5331;10942;15515;21312;30399;33641;;;;;;;;;;
;;;;;;;;;;;;;;;;;;;;;;;;;;
cfp:433,475;;;;;;;;;;;;;;;;;;;;;;;;;;
;;;;;;;;;;;;;;;;;;;;;;;;;;
;Time;T° cfp:433,475;F1;F2;F3;F4;F5;F6;F7;F8;F9;F10;F11;F12;F13;F14;;;;;;;;;;
;0:01:13;29;35;31;29;46;43;44;23;41;41;27;45;39;33;38;;;;;;;;;;
;0:04:13;29;29;27;36;51;33;54;30;45;47;27;40;33;37;45;;;;;;;;;;
;0:07:13;29;50;44;35;43;44;47;41;37;27;38;38;24;40;49;;;;;;;;;;
;0:10:13;29;36;43;25;37;37;40;41;29;32;33;54;33;43;51;;;;;;;;;;
;0:13:13;29;41;29;29;45;50;45;43;37;32;20;51;31;50;28;;;;;;;;;;
;0:16:13;29;32;43;41;29;35;39;38;23;37;32;30;32;41;42;;;;;;;;;;
;0:19:13;29;40;51;38;32;40;42;41;48;26;18;55;38;56;41;;;;;;;;;;
;0:22:13;29;48;27;50;47;52;44;58;51;42;39;39;37;42;42;;;;;;;;;;
;0:25:13;29;45;39;25;46;48;44;69;61;26;41;63;55;55;60;;;;;;;;;;
;0:28:13;29;65;28;32;31;46;38;51;78;46;30;34;32;55;64;;;;;;;;;;
;0:31:13;29;40;23;35;50;50;56;81;63;15;41;50;53;63;78;;;;;;;;;;
;0:34:13;29.1;42;30;27;55;53;59;73;92;42;35;53;65;76;75;;;;;;;;;;
;0:37:13;29.1;41;33;26;45;57;56;78;77;39;41;50;68;79;81;;;;;;;;;;
;0:40:13;29.1;54;25;37;41;46;70;80;99;34;48;70;40;104;100;;;;;;;;;;
;0:43:13;29.1;44;49;48;59;59;76;90;108;54;29;59;84;111;115;;;;;;;;;;
;0:46:13;29.1;55;35;49;46;54;66;91;126;52;51;73;76;111;143;;;;;;;;;;
;0:49:13;29.1;53;44;59;47;54;93;124;131;57;56;82;71;136;142;;;;;;;;;;
;0:52:13;29.1;50;33;49;57;69;92;117;143;32;62;66;85;145;170;;;;;;;;;;
;0:55:13;29.1;50;38;52;72;66;89;125;166;51;45;89;94;135;168;;;;;;;;;;
;0:58:13;29.1;60;32;54;61;70;90;134;182;52;57;91;89;159;180;;;;;;;;;;
;1:01:13;29.1;57;45;53;82;75;98;138;182;35;74;92;111;164;196;;;;;;;;;;
;1:04:13;29;76;26;48;76;87;120;129;172;61;58;105;113;179;206;;;;;;;;;;
;1:07:13;29;49;36;56;78;83;115;160;185;57;65;90;130;183;215;;;;;;;;;;
;1:10:13;29.1;64;35;53;87;81;117;162;205;59;73;107;137;196;223;;;;;;;;;;
;1:13:13;29.1;57;33;60;84;93;117;186;209;54;75;99;121;183;220;;;;;;;;;;
;1:16:13;29;50;46;60;85;115;127;198;208;69;87;109;153;198;232;;;;;;;;;;
;1:19:13;29.1;73;53;53;87;94;138;197;234;54;100;128;158;233;253;;;;;;;;;;
;1:22:13;29.1;89;65;63;82;109;129;207;242;82;101;120;172;227;258;;;;;;;;;;
;1:25:13;29.1;78;57;82;95;122;151;208;235;62;104;141;161;232;260;;;;;;;;;;
;1:28:13;29.1;65;42;64;101;113;157;238;255;68;105;144;169;251;271;;;;;;;;;;
;1:31:13;29.1;71;40;77;116;119;158;235;251;64;107;144;189;273;283;;;;;;;;;;
;1:34:13;29.1;69;45;74;123;120;167;240;274;71;106;142;182;272;292;;;;;;;;;;
;1:37:13;29;86;52;90;109;135;172;249;273;88;122;147;185;272;308;;;;;;;;;;
;1:40:13;29;88;62;70;115;125;203;263;295;66;116;165;199;282;309;;;;;;;;;;
;1:43:13;29;87;55;81;113;137;183;271;294;84;136;148;198;302;310;;;;;;;;;;
;1:46:13;29;97;52;90;122;147;207;295;315;76;138;169;229;315;336;;;;;;;;;;
;1:49:13;29.1;98;55;74;136;158;202;279;321;87;115;159;234;325;350;;;;;;;;;;
;1:52:13;29.1;84;47;78;145;162;209;289;333;79;138;184;228;334;359;;;;;;;;;;
;1:55:13;29;103;47;97;140;170;219;293;343;96;153;193;246;341;364;;;;;;;;;;
;1:58:13;29.1;108;46;93;135;174;219;307;366;92;139;180;245;343;361;;;;;;;;;;
;2:01:13;29.1;100;61;95;134;169;225;326;347;105;156;204;269;355;365;;;;;;;;;;
;2:04:13;29.1;114;50;102;136;156;237;324;360;77;162;187;252;372;403;;;;;;;;;;
;2:07:13;29.1;100;61;99;134;172;234;349;361;116;139;207;267;358;398;;;;;;;;;;
;2:10:13;29.1;97;66;109;152;174;237;357;390;104;159;212;284;374;398;;;;;;;;;;
;2:13:13;29.1;109;55;116;164;189;262;347;385;120;150;224;283;389;398;;;;;;;;;;
;2:16:13;29.1;123;68;104;158;184;271;377;389;104;179;210;297;410;420;;;;;;;;;;
;2:19:13;29.1;130;70;110;166;205;272;373;405;112;170;209;298;415;419;;;;;;;;;;
;2:22:13;29.1;122;55;108;180;216;260;390;419;106;175;247;295;427;446;;;;;;;;;;
;2:25:13;29.1;130;64;117;177;210;288;399;424;111;172;216;309;418;436;;;;;;;;;;
;2:28:13;29.1;125;71;120;169;216;282;406;427;117;166;246;320;431;445;;;;;;;;;;
;2:31:13;29.1;110;76;131;178;207;284;401;459;118;187;248;331;453;464;;;;;;;;;;
;2:34:13;29.1;138;88;110;190;215;312;422;465;126;189;248;330;451;486;;;;;;;;;;
;2:37:13;29.1;128;71;109;179;227;295;411;472;114;199;246;338;464;493;;;;;;;;;;
;2:40:13;29;135;76;119;187;237;311;427;462;120;193;258;346;456;490;;;;;;;;;;
;2:43:13;29.1;143;78;128;200;242;306;438;480;123;187;268;341;480;506;;;;;;;;;;
;2:46:13;29.1;136;77;131;193;227;321;448;475;136;208;268;358;482;503;;;;;;;;;;
;2:49:13;29;144;61;117;208;251;339;459;474;127;220;283;369;483;512;;;;;;;;;;
;2:52:13;29;157;84;115;193;241;332;472;479;137;217;288;368;510;536;;;;;;;;;;
;2:55:13;29;131;73;140;213;248;348;471;501;141;221;278;386;497;528;;;;;;;;;;
;2:58:13;29;149;95;137;205;248;345;485;503;151;225;286;379;521;533;;;;;;;;;;
;3:01:13;29;151;79;147;218;256;360;510;526;143;227;309;381;510;541;;;;;;;;;;
;3:04:13;29;154;89;141;231;278;355;517;533;153;231;301;410;550;549;;;;;;;;;;
;3:07:13;29;159;81;144;228;276;360;508;557;140;220;319;399;548;573;;;;;;;;;;
;3:10:13;29;151;92;135;232;266;379;529;534;152;244;311;416;553;583;;;;;;;;;;
;3:13:13;29.1;155;91;151;237;285;375;512;544;153;237;324;408;538;573;;;;;;;;;;
;3:16:13;29.1;149;70;151;227;299;394;551;563;157;247;311;417;555;597;;;;;;;;;;
;3:19:13;29.1;161;89;159;236;284;366;538;569;162;258;337;407;567;601;;;;;;;;;;
;3:22:13;29.1;168;81;152;246;277;396;543;561;147;248;320;441;574;595;;;;;;;;;;
;3:25:13;29.1;182;79;162;244;302;398;541;569;154;238;330;439;569;610;;;;;;;;;;
;3:28:13;29.1;173;91;154;242;286;396;554;584;156;249;349;451;596;614;;;;;;;;;;
;3:31:13;29.1;159;93;163;248;292;406;549;582;174;236;358;450;590;605;;;;;;;;;;
;3:34:13;29.1;159;90;154;247;312;401;570;592;155;262;335;447;590;607;;;;;;;;;;
;3:37:13;29.1;174;76;168;261;298;418;575;586;161;270;334;461;594;616;;;;;;;;;;
;3:40:13;29.1;180;96;169;256;298;410;591;600;149;266;347;462;613;610;;;;;;;;;;
;3:43:13;29.1;168;84;163;253;314;422;584;595;164;261;343;464;613;642;;;;;;;;;;
;3:46:13;29.1;176;96;163;272;304;436;574;603;149;269;354;467;607;649;;;;;;;;;;
;3:49:13;29.1;179;92;161;268;320;429;591;608;170;260;362;471;625;642;;;;;;;;;;
;3:52:13;29.1;186;93;169;270;328;431;603;605;166;264;377;466;626;647;;;;;;;;;;
;3:55:13;29.1;175;74;157;277;325;447;598;621;179;294;359;480;640;643;;;;;;;;;;
;3:58:13;29.1;186;100;163;283;335;456;612;605;160;278;371;478;649;657;;;;;;;;;;
;4:01:13;29;180;101;173;274;335;452;605;627;172;284;355;483;649;673;;;;;;;;;;
;4:04:13;29;181;87;186;267;337;471;613;629;193;292;373;503;656;686;;;;;;;;;;
;4:07:13;29;180;92;183;284;316;456;618;648;162;278;371;504;645;684;;;;;;;;;;
;4:10:13;29;180;94;190;277;323;453;628;628;186;285;399;502;647;685;;;;;;;;;;
;4:13:13;29;191;93;187;289;347;470;641;636;183;299;391;499;648;688;;;;;;;;;;
;4:16:13;29;187;83;171;297;350;461;646;658;180;303;386;538;661;690;;;;;;;;;;
;4:19:13;29;203;104;181;294;351;478;642;642;177;298;393;518;661;691;;;;;;;;;;
;4:22:13;29;200;98;184;300;354;487;652;640;182;303;396;524;679;688;;;;;;;;;;
;4:25:13;29;206;105;195;288;363;495;658;670;187;297;400;526;675;706;;;;;;;;;;
;4:28:13;29.1;198;103;178;318;356;478;665;652;200;297;401;530;687;699;;;;;;;;;;
;4:31:13;29.1;192;105;177;310;361;489;652;677;201;300;404;544;693;708;;;;;;;;;;
;4:34:13;29.1;190;109;188;311;347;482;674;667;194;320;419;546;702;715;;;;;;;;;;
;4:37:13;29.1;189;98;189;310;363;504;672;667;204;308;401;555;702;732;;;;;;;;;;
;4:40:13;29.1;208;95;198;325;374;497;675;675;208;305;421;537;713;720;;;;;;;;;;
;4:43:13;29.1;221;108;180;304;363;503;674;698;195;294;427;563;705;724;;;;;;;;;;
;4:46:13;29.1;203;109;191;330;373;495;704;692;191;316;416;555;709;722;;;;;;;;;;
;4:49:13;29.1;207;109;195;334;364;496;694;686;212;334;424;545;710;719;;;;;;;;;;
;4:52:13;29.1;196;98;200;330;383;519;689;697;194;311;439;565;709;727;;;;;;;;;;
;4:55:13;29.1;210;93;191;315;381;530;688;686;180;330;423;553;715;730;;;;;;;;;;
;4:58:13;29.1;203;96;195;329;377;506;691;705;215;329;439;569;721;748;;;;;;;;;;
;5:01:13;29.1;206;99;208;342;368;506;683;698;201;319;419;571;705;742;;;;;;;;;;
;5:04:13;29.1;201;123;192;347;370;518;713;691;210;325;448;564;717;757;;;;;;;;;;
;5:07:13;29.1;203;99;191;332;393;525;701;721;195;338;436;581;723;744;;;;;;;;;;
;5:10:13;29.1;216;92;199;338;393;522;718;706;209;339;433;574;720;743;;;;;;;;;;
;5:13:13;29.1;211;96;204;333;394;538;714;731;194;332;449;586;717;771;;;;;;;;;;
;5:16:13;29.1;212;109;199;344;405;535;719;719;203;325;451;585;726;759;;;;;;;;;;
;5:19:13;29;205;109;202;339;394;539;708;710;216;349;448;599;725;759;;;;;;;;;;
;5:22:13;29;230;89;189;336;402;536;721;725;217;346;462;591;754;768;;;;;;;;;;
;5:25:13;29.1;208;118;212;334;394;542;715;715;211;348;456;599;738;753;;;;;;;;;;
;5:28:13;29;230;114;204;330;393;546;720;725;211;347;461;590;736;787;;;;;;;;;;
;5:31:13;29;218;113;215;334;396;545;736;735;200;342;483;584;751;765;;;;;;;;;;
;5:34:13;29;237;106;200;344;398;539;729;720;223;370;470;598;756;771;;;;;;;;;;
;5:37:13;29;244;99;214;351;408;564;730;720;212;349;474;609;762;776;;;;;;;;;;
;5:40:13;29;231;122;210;346;405;546;742;735;224;357;469;612;753;797;;;;;;;;;;
;5:43:13;29;232;128;211;338;402;559;739;741;211;348;476;622;765;773;;;;;;;;;;
;5:46:13;29;229;115;218;357;425;561;725;740;208;367;477;607;773;797;;;;;;;;;;
;5:49:13;29;239;110;222;330;405;563;729;749;225;369;475;616;772;795;;;;;;;;;;
;5:52:13;29.1;245;109;222;355;399;560;729;741;231;363;482;598;770;796;;;;;;;;;;
;5:55:13;29.1;226;105;229;347;435;545;729;745;240;361;488;605;786;803;;;;;;;;;;
;5:58:13;29.1;216;116;224;352;415;560;732;737;209;350;479;617;769;801;;;;;;;;;;
;6:01:13;29.1;240;106;233;347;407;566;752;731;236;359;473;621;790;796;;;;;;;;;;
;6:04:13;29.1;247;99;205;352;441;560;733;762;233;372;465;615;802;797;;;;;;;;;;
;6:07:13;29.1;235;125;236;341;415;554;736;760;229;360;485;617;785;801;;;;;;;;;;
;6:10:13;29.1;236;120;218;336;416;563;753;747;238;364;477;614;794;814;;;;;;;;;;
;6:13:13;29.1;238;120;224;350;431;549;735;749;229;378;477;614;785;804;;;;;;;;;;
;6:16:13;29.1;242;122;238;349;415;557;736;745;231;367;473;606;794;801;;;;;;;;;;
;6:19:13;29.1;244;129;223;336;411;549;742;749;231;367;472;615;804;799;;;;;;;;;;
;6:22:13;29.1;251;116;230;351;425;547;731;757;239;351;477;624;791;791;;;;;;;;;;
;6:25:13;29.1;252;108;232;339;436;563;727;753;231;372;466;608;797;799;;;;;;;;;;
;6:28:13;29.1;261;128;229;337;415;545;721;746;234;366;470;617;791;791;;;;;;;;;;
;6:31:13;29.1;250;103;236;350;432;568;730;752;237;386;488;609;801;812;;;;;;;;;;
;6:34:13;29.1;247;113;234;340;416;542;744;768;243;365;487;608;800;807;;;;;;;;;;
;6:37:13;29.1;245;103;247;341;411;551;745;746;246;367;470;608;803;823;;;;;;;;;;
;6:40:13;29.1;243;114;209;354;410;555;737;769;226;365;486;620;798;806;;;;;;;;;;
;6:43:13;29.1;244;119;258;362;410;553;744;756;235;372;474;594;816;813;;;;;;;;;;
;6:46:13;29.1;235;133;220;350;424;569;741;769;232;370;489;614;819;808;;;;;;;;;;
;6:49:13;29;247;134;235;334;423;567;750;781;227;365;472;609;802;820;;;;;;;;;;
;6:52:13;29;237;109;233;350;416;544;724;775;248;378;478;618;821;814;;;;;;;;;;
;6:55:13;29;259;113;234;341;426;548;743;771;239;372;486;628;819;829;;;;;;;;;;
;6:58:13;29;232;128;231;341;425;547;736;781;249;378;478;620;811;835;;;;;;;;;;
;7:01:13;29;253;133;241;342;422;567;727;785;247;376;473;611;815;828;;;;;;;;;;
;7:04:13;29;254;122;239;337;406;576;737;795;250;374;479;611;830;813;;;;;;;;;;
;7:07:13;29;261;125;231;342;437;571;736;799;239;377;476;622;823;837;;;;;;;;;;
;7:10:13;29;254;110;261;365;427;566;768;792;240;382;491;623;838;846;;;;;;;;;;
;7:13:13;29.1;254;114;235;352;421;567;753;801;254;384;481;618;831;848;;;;;;;;;;
;7:16:13;29.1;243;118;239;358;423;574;740;810;246;382;492;624;827;838;;;;;;;;;;
;7:19:13;29.1;231;135;240;352;432;568;754;795;246;366;464;631;810;834;;;;;;;;;;
;7:22:13;29.1;240;124;236;339;406;565;751;793;241;397;499;602;824;841;;;;;;;;;;
;7:25:13;29.1;236;126;246;343;422;580;740;812;231;380;484;632;814;856;;;;;;;;;;
;7:28:13;29.1;260;138;227;345;413;536;729;792;234;369;486;627;811;861;;;;;;;;;;
;7:31:13;29.1;241;106;242;340;417;559;736;798;248;376;474;614;821;840;;;;;;;;;;
;7:34:13;29.1;255;105;239;350;422;560;743;800;240;372;499;631;830;868;;;;;;;;;;
;7:37:13;29.1;253;114;230;344;411;545;750;808;235;385;484;622;821;848;;;;;;;;;;
;7:40:13;29.1;236;124;252;350;437;566;747;806;248;396;494;615;804;854;;;;;;;;;;
;7:43:13;29.1;239;121;229;344;416;553;734;819;233;380;494;623;818;853;;;;;;;;;;
;7:46:13;29.1;250;136;237;354;430;551;727;797;247;380;493;624;816;842;;;;;;;;;;
;7:49:13;29.1;244;124;235;342;417;563;743;807;249;381;479;612;811;859;;;;;;;;;;
;7:52:13;29.1;234;130;242;351;421;560;735;811;237;377;488;618;827;861;;;;;;;;;;
;7:55:13;29.1;249;114;253;350;420;565;741;811;241;370;495;627;828;862;;;;;;;;;;
;7:58:13;29.1;251;127;240;363;426;566;740;801;243;368;485;616;829;857;;;;;;;;;;
;8:01:13;29.1;242;117;232;347;423;563;725;807;249;389;489;625;816;871;;;;;;;;;;
;8:04:13;29.1;257;118;244;320;417;568;729;799;255;355;496;600;827;863;;;;;;;;;;
;8:07:13;29.1;241;129;232;343;409;581;737;810;241;363;492;612;810;881;;;;;;;;;;
;8:10:13;29.1;267;126;237;364;407;550;736;818;255;375;491;621;814;861;;;;;;;;;;
;8:13:13;29.1;247;124;241;356;414;552;752;809;254;371;470;612;827;869;;;;;;;;;;
;8:16:13;29;246;131;243;348;419;571;742;818;242;381;496;613;823;879;;;;;;;;;;
;8:19:13;29;252;134;233;358;412;586;744;816;233;376;491;617;820;876;;;;;;;;;;
;8:22:13;29;260;139;241;359;417;556;753;835;255;376;488;624;833;881;;;;;;;;;;
;8:25:13;29;244;121;240;327;435;572;753;822;239;379;496;623;815;892;;;;;;;;;;
;8:28:13;29;261;122;254;349;411;571;749;847;255;362;476;617;831;883;;;;;;;;;;
;8:31:13;29;248;107;246;336;428;572;736;836;247;388;488;622;834;893;;;;;;;;;;
;8:34:13;29;248;128;245;346;439;561;746;840;251;375;481;626;838;891;;;;;;;;;;
;8:37:13;29.1;247;115;244;355;419;572;748;838;250;362;485;630;839;888;;;;;;;;;;
;8:40:13;29.1;250;127;242;370;425;576;746;848;242;382;483;623;832;893;;;;;;;;;;
;8:43:13;29.1;238;120;234;353;411;561;753;851;251;388;481;629;847;895;;;;;;;;;;
;8:46:13;29.1;246;125;259;370;430;561;745;840;240;389;481;628;829;903;;;;;;;;;;
;8:49:13;29.1;257;128;246;352;414;567;747;837;243;373;484;630;827;890;;;;;;;;;;
;8:52:13;29.1;247;118;241;359;425;563;739;827;234;392;484;621;812;906;;;;;;;;;;
;8:55:13;29.1;251;126;236;364;409;576;735;838;241;368;488;615;831;889;;;;;;;;;;
;8:58:13;29.1;230;128;241;338;433;573;749;840;239;372;478;621;812;873;;;;;;;;;;
;9:01:13;29.1;245;125;233;359;427;557;745;838;245;369;481;645;826;888;;;;;;;;;;
;9:04:13;29.1;248;139;231;354;423;559;749;820;241;378;503;619;818;871;;;;;;;;;;
;9:07:13;29.1;247;140;237;360;411;574;749;837;222;385;471;614;821;884;;;;;;;;;;
;9:10:13;29.1;240;130;260;350;414;572;749;833;229;376;493;619;808;901;;;;;;;;;;
;9:13:13;29.1;235;136;229;340;426;556;747;825;244;377;462;616;823;884;;;;;;;;;;
;9:16:13;29.1;246;130;244;370;424;558;736;826;249;382;500;623;817;903;;;;;;;;;;
;9:19:13;29;239;114;243;353;423;566;754;838;245;385;477;622;834;894;;;;;;;;;;
;9:22:13;29.1;259;123;228;354;414;552;735;835;240;368;495;609;813;917;;;;;;;;;;
;9:25:13;29.1;241;109;225;355;427;564;744;825;261;380;468;615;831;912;;;;;;;;;;
;9:28:13;29;254;123;234;354;423;566;746;835;239;377;494;620;822;899;;;;;;;;;;
;9:31:13;29.1;242;125;244;373;440;568;724;843;250;366;495;633;814;902;;;;;;;;;;
;9:34:13;29;248;143;246;362;435;582;743;839;245;392;490;616;819;889;;;;;;;;;;
;9:37:13;29;260;120;247;369;437;559;747;854;247;375;496;643;840;896;;;;;;;;;;
;9:40:13;29;248;131;236;371;443;575;762;854;254;381;487;630;827;914;;;;;;;;;;
;9:43:13;29;255;114;241;361;415;573;751;846;247;394;502;627;817;899;;;;;;;;;;
;9:46:13;29;247;134;232;353;421;578;754;835;254;395;487;637;814;888;;;;;;;;;;
;9:49:13;29;238;130;235;356;428;570;758;847;238;394;486;634;847;910;;;;;;;;;;
;9:52:13;29;249;126;242;372;416;564;762;855;254;381;494;625;816;899;;;;;;;;;;
;9:55:13;29.1;246;129;235;365;420;568;763;872;243;374;500;626;826;910;;;;;;;;;;
;9:58:13;29.1;258;128;236;361;436;561;758;856;235;384;501;645;835;921;;;;;;;;;;
;10:01:13;29.1;253;114;248;379;415;565;764;838;250;392;487;627;833;918;;;;;;;;;;
;10:04:13;29.1;269;134;241;360;428;573;758;840;244;386;484;626;819;913;;;;;;;;;;
;10:07:13;29.1;242;113;243;363;425;575;766;840;236;384;502;627;829;913;;;;;;;;;;
;10:10:13;29.1;246;117;254;362;437;574;760;840;250;392;501;619;821;919;;;;;;;;;;
;10:13:13;29.1;250;121;241;359;419;586;769;848;241;398;510;618;826;927;;;;;;;;;;
;10:16:13;29.1;252;125;246;350;413;563;753;850;256;379;516;614;824;927;;;;;;;;;;
;10:19:13;29.1;257;119;242;368;419;577;740;848;257;375;508;632;807;895;;;;;;;;;;
;10:22:13;29.1;248;132;232;366;444;574;744;841;239;388;492;631;825;887;;;;;;;;;;
;10:25:13;29.1;247;123;242;358;434;581;756;856;239;386;488;621;812;909;;;;;;;;;;
;10:28:13;29.1;252;125;227;358;437;580;738;848;250;388;490;619;809;902;;;;;;;;;;
;10:31:13;29.1;238;112;239;369;436;558;760;858;246;393;480;634;828;897;;;;;;;;;;
;10:34:13;29;259;118;254;364;422;569;728;835;249;379;484;623;821;915;;;;;;;;;;
;10:37:13;29.1;240;134;257;349;416;577;738;845;243;383;505;629;825;919;;;;;;;;;;
;10:40:13;29.1;246;123;243;362;423;587;741;851;251;384;488;618;810;914;;;;;;;;;;
;10:43:13;29.1;255;126;251;356;435;574;735;846;250;399;484;621;814;888;;;;;;;;;;
;10:46:13;29;245;141;244;370;419;566;751;846;250;396;487;612;821;914;;;;;;;;;;
;10:49:13;29;256;126;241;369;428;584;753;845;256;397;495;627;829;927;;;;;;;;;;
;10:52:13;29.1;258;138;251;359;429;576;749;839;247;399;485;630;836;916;;;;;;;;;;
;10:55:13;29;253;133;251;380;435;587;739;852;256;391;502;639;821;907;;;;;;;;;;
;10:58:13;29;248;131;243;367;431;559;756;841;236;402;512;628;849;907;;;;;;;;;;
;11:01:13;29;253;128;234;353;418;586;760;845;247;382;498;623;832;916;;;;;;;;;;
;11:04:13;29;250;135;247;383;437;589;742;841;245;384;502;608;831;936;;;;;;;;;;
;11:07:13;29;265;130;234;360;423;569;754;849;241;392;502;646;834;918;;;;;;;;;;
;11:10:13;29;255;138;240;362;429;574;781;847;241;391;510;639;834;924;;;;;;;;;;
;11:13:13;29.1;263;145;246;374;434;581;765;861;238;396;510;637;830;918;;;;;;;;;;
;11:16:13;29.1;271;129;254;366;425;588;768;837;258;377;497;640;839;927;;;;;;;;;;
;11:19:13;29.1;264;129;240;358;446;581;752;859;255;374;504;636;856;921;;;;;;;;;;
;11:22:13;29.1;257;132;246;366;427;592;771;843;255;380;500;635;849;927;;;;;;;;;;
;11:25:13;29.1;246;121;254;378;431;587;764;858;243;382;506;639;834;924;;;;;;;;;;
;11:28:13;29.1;239;129;252;376;450;572;759;844;263;387;497;630;837;919;;;;;;;;;;
;11:31:13;29.1;264;120;254;371;434;580;752;838;254;404;505;648;839;908;;;;;;;;;;
;11:34:13;29.1;263;133;246;369;440;583;746;828;247;385;505;634;829;918;;;;;;;;;;
;11:37:13;29.1;251;125;241;353;432;590;750;851;262;389;500;622;837;888;;;;;;;;;;
;11:40:13;29.1;259;111;246;366;437;566;759;841;251;386;494;626;827;900;;;;;;;;;;
;11:43:13;29.1;259;124;246;369;416;570;766;832;232;400;508;642;830;903;;;;;;;;;;
;11:46:13;29.1;243;113;237;369;429;578;742;862;254;389;505;627;830;907;;;;;;;;;;
;11:49:13;29.1;264;124;245;368;423;586;755;843;243;395;487;631;854;903;;;;;;;;;;
;11:52:13;29.1;259;123;240;363;430;570;748;840;241;373;503;638;827;897;;;;;;;;;;
;11:55:13;29.1;264;126;243;371;436;590;758;836;251;383;505;636;831;907;;;;;;;;;;
;11:58:13;29.1;256;123;246;358;421;596;758;836;268;384;486;630;832;915;;;;;;;;;;
;12:01:13;29.1;245;134;233;366;446;589;763;865;250;402;495;640;824;912;;;;;;;;;;
;12:04:13;29;256;119;247;363;421;586;778;830;272;395;508;644;803;914;;;;;;;;;;
;12:07:13;29.1;253;113;257;349;434;587;753;853;245;385;504;621;831;905;;;;;;;;;;
;12:10:13;29.1;258;117;234;354;429;582;759;848;243;381;503;625;831;896;;;;;;;;;;
;12:13:13;29.1;267;137;253;372;447;561;765;846;269;387;501;622;833;898;;;;;;;;;;
;12:16:13;29;266;128;247;361;421;597;752;859;250;390;502;640;826;914;;;;;;;;;;
;12:19:13;29;255;122;248;369;443;595;763;840;242;403;497;648;848;913;;;;;;;;;;
;12:22:13;29;264;110;246;370;424;594;782;831;264;400;507;627;847;911;;;;;;;;;;
;12:25:13;29;262;132;240;376;433;591;760;845;242;379;509;629;837;925;;;;;;;;;;
;12:28:13;29;257;141;252;363;441;582;771;841;263;399;503;625;836;923;;;;;;;;;;
;12:31:13;29;247;116;237;375;434;593;751;855;243;394;506;651;824;918;;;;;;;;;;
;12:34:13;29;260;126;258;358;436;586;763;858;258;398;498;657;853;918;;;;;;;;;;
;12:37:13;29.1;268;118;251;379;443;584;762;842;241;390;520;643;839;935;;;;;;;;;;
;12:40:13;29.1;251;146;258;363;430;590;757;864;254;408;505;653;846;917;;;;;;;;;;
;12:43:13;29.1;266;127;254;361;445;582;756;858;239;387;508;625;849;923;;;;;;;;;;
;12:46:13;29.1;259;118;260;376;450;575;750;849;252;397;512;631;847;897;;;;;;;;;;
;12:49:13;29.1;266;114;257;365;433;598;761;852;243;381;497;622;833;922;;;;;;;;;;
;12:52:13;29.1;260;125;246;365;437;585;779;838;246;401;507;636;841;925;;;;;;;;;;
;12:55:13;29.1;269;112;248;361;439;591;773;846;241;393;521;641;838;913;;;;;;;;;;
;12:58:13;29.1;263;137;248;378;429;568;744;853;265;405;503;630;825;904;;;;;;;;;;
;13:01:13;29.1;262;124;252;365;437;585;780;849;249;404;507;642;837;912;;;;;;;;;;
;13:04:13;29.1;277;123;252;357;449;590;749;845;239;392;490;624;825;906;;;;;;;;;;
;13:07:13;29.1;257;125;247;370;439;584;769;855;244;400;499;625;850;890;;;;;;;;;;
;13:10:13;29.1;261;133;250;380;422;590;751;837;245;379;496;644;845;909;;;;;;;;;;
;13:13:13;29.1;250;122;235;384;421;584;741;834;244;393;507;628;835;909;;;;;;;;;;
;13:16:13;29.1;253;143;239;366;438;583;754;850;250;386;495;637;839;909;;;;;;;;;;
;13:19:13;29.1;254;123;258;376;437;574;765;844;260;377;489;636;844;922;;;;;;;;;;
;13:22:13;29;254;139;262;365;433;578;748;855;261;384;514;630;829;919;;;;;;;;;;
;13:25:13;29.1;261;138;249;363;429;573;765;835;234;403;511;638;837;882;;;;;;;;;;
;13:28:13;29;254;122;249;349;449;581;753;857;256;393;503;631;826;916;;;;;;;;;;
;13:31:13;29;251;125;244;366;437;594;750;854;265;405;510;629;843;916;;;;;;;;;;
;13:34:13;29;252;142;241;364;445;593;760;852;252;394;501;638;834;931;;;;;;;;;;
;13:37:13;29;271;122;245;368;455;573;782;844;250;391;520;637;843;903;;;;;;;;;;
;13:40:13;29;272;140;256;382;432;577;762;847;253;402;502;645;841;927;;;;;;;;;;
;13:43:13;29;269;146;252;367;444;589;761;867;254;387;519;651;848;910;;;;;;;;;;
;13:46:13;29;277;141;262;372;437;576;770;859;243;395;497;644;847;920;;;;;;;;;;
;13:49:13;29;261;148;263;374;442;586;785;857;264;400;516;638;834;901;;;;;;;;;;
;13:52:13;29.1;252;145;261;351;456;570;770;849;255;394;505;642;861;913;;;;;;;;;;
;13:55:13;29.1;272;138;257;365;444;580;763;850;243;393;503;640;855;915;;;;;;;;;;
;13:58:13;29.1;261;138;242;357;451;592;771;863;274;384;509;645;836;924;;;;;;;;;;
;14:01:13;29.1;273;135;266;362;429;586;773;847;254;382;493;632;846;915;;;;;;;;;;
;;;;;;;;;;;;;;;;;;;;;;;;;;
Results;;;;;;;;;;;;;;;;;;;;;;;;;;
;;;;;;;;;;;;;;;;;;;;;;;;;;
;;1;2;3;4;5;6;7;8;9;10;11;12;13;14;15;16;17;18;19;20;21;22;23;24;
;A;;;;;;;;;;;;;;;;;;;;;;;;;Max V [MG:610,650]
;;;;;;;;;;;;;;;;;;;;;;;;;;R-Squared [MG:610,650]
;;;;;;;;;;;;;;;;;;;;;;;;;;t at Max V [MG:610,650]
;;;;;;;;;;;;;;;;;;;;;;;;;;Lagtime [MG:610,650]
;;;;;;;;;;;;;;;;;;;;;;;;;;Max V [gfp:485,525]
;;;;;;;;;;;;;;;;;;;;;;;;;;R-Squared [gfp:485,525]
;;;;;;;;;;;;;;;;;;;;;;;;;;t at Max V [gfp:485,525]
;;;;;;;;;;;;;;;;;;;;;;;;;;Lagtime [gfp:485,525]
;;;;;;;;;;;;;;;;;;;;;;;;;;Max V [cfp:433,475]
;;;;;;;;;;;;;;;;;;;;;;;;;;R-Squared [cfp:433,475]
;;;;;;;;;;;;;;;;;;;;;;;;;;t at Max V [cfp:433,475]
;;;;;;;;;;;;;;;;;;;;;;;;;;Lagtime [cfp:433,475]
;B;;;;;;;;;;;;;;;;;;;;;;;;;Max V [MG:610,650]
;;;;;;;;;;;;;;;;;;;;;;;;;;R-Squared [MG:610,650]
;;;;;;;;;;;;;;;;;;;;;;;;;;t at Max V [MG:610,650]
;;;;;;;;;;;;;;;;;;;;;;;;;;Lagtime [MG:610,650]
;;;;;;;;;;;;;;;;;;;;;;;;;;Max V [gfp:485,525]
;;;;;;;;;;;;;;;;;;;;;;;;;;R-Squared [gfp:485,525]
;;;;;;;;;;;;;;;;;;;;;;;;;;t at Max V [gfp:485,525]
;;;;;;;;;;;;;;;;;;;;;;;;;;Lagtime [gfp:485,525]
;;;;;;;;;;;;;;;;;;;;;;;;;;Max V [cfp:433,475]
;;;;;;;;;;;;;;;;;;;;;;;;;;R-Squared [cfp:433,475]
;;;;;;;;;;;;;;;;;;;;;;;;;;t at Max V [cfp:433,475]
;;;;;;;;;;;;;;;;;;;;;;;;;;Lagtime [cfp:433,475]
;C;;;;;;;;;;;;;;;;;;;;;;;;;Max V [MG:610,650]
;;;;;;;;;;;;;;;;;;;;;;;;;;R-Squared [MG:610,650]
;;;;;;;;;;;;;;;;;;;;;;;;;;t at Max V [MG:610,650]
;;;;;;;;;;;;;;;;;;;;;;;;;;Lagtime [MG:610,650]
;;;;;;;;;;;;;;;;;;;;;;;;;;Max V [gfp:485,525]
;;;;;;;;;;;;;;;;;;;;;;;;;;R-Squared [gfp:485,525]
;;;;;;;;;;;;;;;;;;;;;;;;;;t at Max V [gfp:485,525]
;;;;;;;;;;;;;;;;;;;;;;;;;;Lagtime [gfp:485,525]
;;;;;;;;;;;;;;;;;;;;;;;;;;Max V [cfp:433,475]
;;;;;;;;;;;;;;;;;;;;;;;;;;R-Squared [cfp:433,475]
;;;;;;;;;;;;;;;;;;;;;;;;;;t at Max V [cfp:433,475]
;;;;;;;;;;;;;;;;;;;;;;;;;;Lagtime [cfp:433,475]
;D;;;;;;;;;;;;;;;;;;;;;;;;;Max V [MG:610,650]
;;;;;;;;;;;;;;;;;;;;;;;;;;R-Squared [MG:610,650]
;;;;;;;;;;;;;;;;;;;;;;;;;;t at Max V [MG:610,650]
;;;;;;;;;;;;;;;;;;;;;;;;;;Lagtime [MG:610,650]
;;;;;;;;;;;;;;;;;;;;;;;;;;Max V [gfp:485,525]
;;;;;;;;;;;;;;;;;;;;;;;;;;R-Squared [gfp:485,525]
;;;;;;;;;;;;;;;;;;;;;;;;;;t at Max V [gfp:485,525]
;;;;;;;;;;;;;;;;;;;;;;;;;;Lagtime [gfp:485,525]
;;;;;;;;;;;;;;;;;;;;;;;;;;Max V [cfp:433,475]
;;;;;;;;;;;;;;;;;;;;;;;;;;R-Squared [cfp:433,475]
;;;;;;;;;;;;;;;;;;;;;;;;;;t at Max V [cfp:433,475]
;;;;;;;;;;;;;;;;;;;;;;;;;;Lagtime [cfp:433,475]
;E;;;;;;;;;;;;;;;;;;;;;;;;;Max V [MG:610,650]
;;;;;;;;;;;;;;;;;;;;;;;;;;R-Squared [MG:610,650]
;;;;;;;;;;;;;;;;;;;;;;;;;;t at Max V [MG:610,650]
;;;;;;;;;;;;;;;;;;;;;;;;;;Lagtime [MG:610,650]
;;;;;;;;;;;;;;;;;;;;;;;;;;Max V [gfp:485,525]
;;;;;;;;;;;;;;;;;;;;;;;;;;R-Squared [gfp:485,525]
;;;;;;;;;;;;;;;;;;;;;;;;;;t at Max V [gfp:485,525]
;;;;;;;;;;;;;;;;;;;;;;;;;;Lagtime [gfp:485,525]
;;;;;;;;;;;;;;;;;;;;;;;;;;Max V [cfp:433,475]
;;;;;;;;;;;;;;;;;;;;;;;;;;R-Squared [cfp:433,475]
;;;;;;;;;;;;;;;;;;;;;;;;;;t at Max V [cfp:433,475]
;;;;;;;;;;;;;;;;;;;;;;;;;;Lagtime [cfp:433,475]
;F;-23666.667;28333.333;23333.333;26666.667;-22000;-27666.667;-19000;-19333.333;-32000;39333.333;41666.667;-53333.333;61333.333;79333.333;;;;;;;;;;;Max V [MG:610,650]
;;1;1;1;1;1;1;1;1;1;1;1;1;1;1;;;;;;;;;;;R-Squared [MG:610,650]
;;1:02:01;8:41:01;7:02:01;7:05:01;3:53:01;1:47:01;9:26:01;1:29:01;1:50:01;0:44:01;2:44:01;3:35:01;0:44:01;0:23:01;;;;;;;;;;;t at Max V [MG:610,650]
;;0:54:31;8:44:49;7:07:35;7:11:21;3:43:01;1:38:17;9:10:31;1:17:51;2:00:10;0:37:50;2:17:54;3:52:04;0:21:56;0:13:35;;;;;;;;;;;Lagtime [MG:610,650]
;;29666.667;-10666.667;26000;53000;57333.333;98333.333;137666.667;143000;31000;60666.667;70666.667;105000;140333.333;177000;;;;;;;;;;;Max V [gfp:485,525]
;;1;1;1;1;1;1;1;1;1;1;1;1;1;1;;;;;;;;;;;R-Squared [gfp:485,525]
;;3:05:36;4:26:36;2:56:36;2:29:36;2:20:36;2:50:36;1:47:36;0:44:36;2:44:36;2:17:36;1:32:36;1:50:36;1:47:36;0:44:36;;;;;;;;;;;t at Max V [gfp:485,525]
;;1:34:38;4:27:10;1:26:52;1:10:37;0:47:39;1:05:16;0:40:44;0:23:04;1:26:02;1:07:49;0:42:05;0:44:05;0:33:02;0:24:31;;;;;;;;;;;Lagtime [gfp:485,525]
;;9333.333;-10666.667;16333.333;-10666.667;12000;-14666.667;13000;-11666.667;13000;-11333.333;12666.667;14666.667;13333.333;12666.667;;;;;;;;;;;Max V [cfp:433,475]
;;1;1;1;1;1;1;1;1;1;1;1;1;1;1;;;;;;;;;;;R-Squared [cfp:433,475]
;;2:32:43;7:29:43;6:41:43;8:23:43;5:53:43;7:26:43;3:14:43;12:02:43;2:05:43;8:02:43;2:20:43;0:41:43;3:02:43;2:02:43;;;;;;;;;;;t at Max V [cfp:433,475]
;;2:23:11;7:38:15;6:29:12;8:51:34;5:22:33;8:01:46;2:35:36;13:11:51;2:01:27;8:33:09;2:06:16;0:40:09;2:25:27;1:35:24;;;;;;;;;;;Lagtime [cfp:433,475]
;G;;;;;;;;;;;;;;;;;;;;;;;;;Max V [MG:610,650]
;;;;;;;;;;;;;;;;;;;;;;;;;;R-Squared [MG:610,650]
;;;;;;;;;;;;;;;;;;;;;;;;;;t at Max V [MG:610,650]
;;;;;;;;;;;;;;;;;;;;;;;;;;Lagtime [MG:610,650]
;;;;;;;;;;;;;;;;;;;;;;;;;;Max V [gfp:485,525]
;;;;;;;;;;;;;;;;;;;;;;;;;;R-Squared [gfp:485,525]
;;;;;;;;;;;;;;;;;;;;;;;;;;t at Max V [gfp:485,525]
;;;;;;;;;;;;;;;;;;;;;;;;;;Lagtime [gfp:485,525]
;;;;;;;;;;;;;;;;;;;;;;;;;;Max V [cfp:433,475]
;;;;;;;;;;;;;;;;;;;;;;;;;;R-Squared [cfp:433,475]
;;;;;;;;;;;;;;;;;;;;;;;;;;t at Max V [cfp:433,475]
;;;;;;;;;;;;;;;;;;;;;;;;;;Lagtime [cfp:433,475]
;H;;;;;;;;;;;;;;;;;;;;;;;;;Max V [MG:610,650]
;;;;;;;;;;;;;;;;;;;;;;;;;;R-Squared [MG:610,650]
;;;;;;;;;;;;;;;;;;;;;;;;;;t at Max V [MG:610,650]
;;;;;;;;;;;;;;;;;;;;;;;;;;Lagtime [MG:610,650]
;;;;;;;;;;;;;;;;;;;;;;;;;;Max V [gfp:485,525]
;;;;;;;;;;;;;;;;;;;;;;;;;;R-Squared [gfp:485,525]
;;;;;;;;;;;;;;;;;;;;;;;;;;t at Max V [gfp:485,525]
;;;;;;;;;;;;;;;;;;;;;;;;;;Lagtime [gfp:485,525]
;;;;;;;;;;;;;;;;;;;;;;;;;;Max V [cfp:433,475]
;;;;;;;;;;;;;;;;;;;;;;;;;;R-Squared [cfp:433,475]
;;;;;;;;;;;;;;;;;;;;;;;;;;t at Max V [cfp:433,475]
;;;;;;;;;;;;;;;;;;;;;;;;;;Lagtime [cfp:433,475]
;I;;;;;;;;;;;;;;;;;;;;;;;;;Max V [MG:610,650]
;;;;;;;;;;;;;;;;;;;;;;;;;;R-Squared [MG:610,650]
;;;;;;;;;;;;;;;;;;;;;;;;;;t at Max V [MG:610,650]
;;;;;;;;;;;;;;;;;;;;;;;;;;Lagtime [MG:610,650]
;;;;;;;;;;;;;;;;;;;;;;;;;;Max V [gfp:485,525]
;;;;;;;;;;;;;;;;;;;;;;;;;;R-Squared [gfp:485,525]
;;;;;;;;;;;;;;;;;;;;;;;;;;t at Max V [gfp:485,525]
;;;;;;;;;;;;;;;;;;;;;;;;;;Lagtime [gfp:485,525]
;;;;;;;;;;;;;;;;;;;;;;;;;;Max V [cfp:433,475]
;;;;;;;;;;;;;;;;;;;;;;;;;;R-Squared [cfp:433,475]
;;;;;;;;;;;;;;;;;;;;;;;;;;t at Max V [cfp:433,475]
;;;;;;;;;;;;;;;;;;;;;;;;;;Lagtime [cfp:433,475]
;J;;;;;;;;;;;;;;;;;;;;;;;;;Max V [MG:610,650]
;;;;;;;;;;;;;;;;;;;;;;;;;;R-Squared [MG:610,650]
;;;;;;;;;;;;;;;;;;;;;;;;;;t at Max V [MG:610,650]
;;;;;;;;;;;;;;;;;;;;;;;;;;Lagtime [MG:610,650]
;;;;;;;;;;;;;;;;;;;;;;;;;;Max V [gfp:485,525]
;;;;;;;;;;;;;;;;;;;;;;;;;;R-Squared [gfp:485,525]
;;;;;;;;;;;;;;;;;;;;;;;;;;t at Max V [gfp:485,525]
;;;;;;;;;;;;;;;;;;;;;;;;;;Lagtime [gfp:485,525]
;;;;;;;;;;;;;;;;;;;;;;;;;;Max V [cfp:433,475]
;;;;;;;;;;;;;;;;;;;;;;;;;;R-Squared [cfp:433,475]
;;;;;;;;;;;;;;;;;;;;;;;;;;t at Max V [cfp:433,475]
;;;;;;;;;;;;;;;;;;;;;;;;;;Lagtime [cfp:433,475]
;K;;;;;;;;;;;;;;;;;;;;;;;;;Max V [MG:610,650]
;;;;;;;;;;;;;;;;;;;;;;;;;;R-Squared [MG:610,650]
;;;;;;;;;;;;;;;;;;;;;;;;;;t at Max V [MG:610,650]
;;;;;;;;;;;;;;;;;;;;;;;;;;Lagtime [MG:610,650]
;;;;;;;;;;;;;;;;;;;;;;;;;;Max V [gfp:485,525]
;;;;;;;;;;;;;;;;;;;;;;;;;;R-Squared [gfp:485,525]
;;;;;;;;;;;;;;;;;;;;;;;;;;t at Max V [gfp:485,525]
;;;;;;;;;;;;;;;;;;;;;;;;;;Lagtime [gfp:485,525]
;;;;;;;;;;;;;;;;;;;;;;;;;;Max V [cfp:433,475]
;;;;;;;;;;;;;;;;;;;;;;;;;;R-Squared [cfp:433,475]
;;;;;;;;;;;;;;;;;;;;;;;;;;t at Max V [cfp:433,475]
;;;;;;;;;;;;;;;;;;;;;;;;;;Lagtime [cfp:433,475]
;L;;;;;;;;;;;;;;;;;;;;;;;;;Max V [MG:610,650]
;;;;;;;;;;;;;;;;;;;;;;;;;;R-Squared [MG:610,650]
;;;;;;;;;;;;;;;;;;;;;;;;;;t at Max V [MG:610,650]
;;;;;;;;;;;;;;;;;;;;;;;;;;Lagtime [MG:610,650]
;;;;;;;;;;;;;;;;;;;;;;;;;;Max V [gfp:485,525]
;;;;;;;;;;;;;;;;;;;;;;;;;;R-Squared [gfp:485,525]
;;;;;;;;;;;;;;;;;;;;;;;;;;t at Max V [gfp:485,525]
;;;;;;;;;;;;;;;;;;;;;;;;;;Lagtime [gfp:485,525]
;;;;;;;;;;;;;;;;;;;;;;;;;;Max V [cfp:433,475]
;;;;;;;;;;;;;;;;;;;;;;;;;;R-Squared [cfp:433,475]
;;;;;;;;;;;;;;;;;;;;;;;;;;t at Max V [cfp:433,475]
;;;;;;;;;;;;;;;;;;;;;;;;;;Lagtime [cfp:433,475]
;M;;;;;;;;;;;;;;;;;;;;;;;;;Max V [MG:610,650]
;;;;;;;;;;;;;;;;;;;;;;;;;;R-Squared [MG:610,650]
;;;;;;;;;;;;;;;;;;;;;;;;;;t at Max V [MG:610,650]
;;;;;;;;;;;;;;;;;;;;;;;;;;Lagtime [MG:610,650]
;;;;;;;;;;;;;;;;;;;;;;;;;;Max V [gfp:485,525]
;;;;;;;;;;;;;;;;;;;;;;;;;;R-Squared [gfp:485,525]
;;;;;;;;;;;;;;;;;;;;;;;;;;t at Max V [gfp:485,525]
;;;;;;;;;;;;;;;;;;;;;;;;;;Lagtime [gfp:485,525]
;;;;;;;;;;;;;;;;;;;;;;;;;;Max V [cfp:433,475]
;;;;;;;;;;;;;;;;;;;;;;;;;;R-Squared [cfp:433,475]
;;;;;;;;;;;;;;;;;;;;;;;;;;t at Max V [cfp:433,475]
;;;;;;;;;;;;;;;;;;;;;;;;;;Lagtime [cfp:433,475]
;N;;;;;;;;;;;;;;;;;;;;;;;;;Max V [MG:610,650]
;;;;;;;;;;;;;;;;;;;;;;;;;;R-Squared [MG:610,650]
;;;;;;;;;;;;;;;;;;;;;;;;;;t at Max V [MG:610,650]
;;;;;;;;;;;;;;;;;;;;;;;;;;Lagtime [MG:610,650]
;;;;;;;;;;;;;;;;;;;;;;;;;;Max V [gfp:485,525]
;;;;;;;;;;;;;;;;;;;;;;;;;;R-Squared [gfp:485,525]
;;;;;;;;;;;;;;;;;;;;;;;;;;t at Max V [gfp:485,525]
;;;;;;;;;;;;;;;;;;;;;;;;;;Lagtime [gfp:485,525]
;;;;;;;;;;;;;;;;;;;;;;;;;;Max V [cfp:433,475]
;;;;;;;;;;;;;;;;;;;;;;;;;;R-Squared [cfp:433,475]
;;;;;;;;;;;;;;;;;;;;;;;;;;t at Max V [cfp:433,475]
;;;;;;;;;;;;;;;;;;;;;;;;;;Lagtime [cfp:433,475]
;O;;;;;;;;;;;;;;;;;;;;;;;;;Max V [MG:610,650]
;;;;;;;;;;;;;;;;;;;;;;;;;;R-Squared [MG:610,650]
;;;;;;;;;;;;;;;;;;;;;;;;;;t at Max V [MG:610,650]
;;;;;;;;;;;;;;;;;;;;;;;;;;Lagtime [MG:610,650]
;;;;;;;;;;;;;;;;;;;;;;;;;;Max V [gfp:485,525]
;;;;;;;;;;;;;;;;;;;;;;;;;;R-Squared [gfp:485,525]
;;;;;;;;;;;;;;;;;;;;;;;;;;t at Max V [gfp:485,525]
;;;;;;;;;;;;;;;;;;;;;;;;;;Lagtime [gfp:485,525]
;;;;;;;;;;;;;;;;;;;;;;;;;;Max V [cfp:433,475]
;;;;;;;;;;;;;;;;;;;;;;;;;;R-Squared [cfp:433,475]
;;;;;;;;;;;;;;;;;;;;;;;;;;t at Max V [cfp:433,475]
;;;;;;;;;;;;;;;;;;;;;;;;;;Lagtime [cfp:433,475]
;P;;;;;;;;;;;;;;;;;;;;;;;;;Max V [MG:610,650]
;;;;;;;;;;;;;;;;;;;;;;;;;;R-Squared [MG:610,650]
;;;;;;;;;;;;;;;;;;;;;;;;;;t at Max V [MG:610,650]
;;;;;;;;;;;;;;;;;;;;;;;;;;Lagtime [MG:610,650]
;;;;;;;;;;;;;;;;;;;;;;;;;;Max V [gfp:485,525]
;;;;;;;;;;;;;;;;;;;;;;;;;;R-Squared [gfp:485,525]
;;;;;;;;;;;;;;;;;;;;;;;;;;t at Max V [gfp:485,525]
;;;;;;;;;;;;;;;;;;;;;;;;;;Lagtime [gfp:485,525]
;;;;;;;;;;;;;;;;;;;;;;;;;;Max V [cfp:433,475]
;;;;;;;;;;;;;;;;;;;;;;;;;;R-Squared [cfp:433,475]
;;;;;;;;;;;;;;;;;;;;;;;;;;t at Max V [cfp:433,475]
;;;;;;;;;;;;;;;;;;;;;;;;;;Lagtime [cfp:433,475]
